hypocenter_type	quality	year	month	day	hour	minute	second	latitude	longitude	depth	magnitude_1	magnitude_2	region	eventname

SWEM	A	1993	1	24	10	21	4.00	68.5000	-33.5000	10.0	0.0	5.1	EASTERNGREENLAND	199301241021A

SWEM	B	1993	7	26	12	26	40.00	65.7500	-41.2500	10.0	0.0	4.9	WESTERNGREENLAND	199307261226A

SWEM	A	1993	8	5	2	0	40.00	68.7500	-32.7500	10.0	0.0	4.9	EASTERNGREENLAND	199308050200A

SWEM	C	1993	10	19	21	10	0.00	66.5000	-37.5000	10.0	0.0	4.8	EASTERNGREENLAND	199310192110A

SWEM	C	1993	11	30	7	33	52.00	67.5000	-33.5000	10.0	0.0	5.0	EASTERNGREENLAND	199311300733A

SWEM	B	1993	12	10	15	24	56.00	67.2500	-34.2500	10.0	0.0	5.0	EASTERNGREENLAND	199312101524A

SWEM	B	1994	3	31	0	7	4.00	68.5000	-33.5000	10.0	0.0	4.8	EASTERNGREENLAND	199403310007A

SWEM	C	1994	4	6	18	1	28.00	65.7500	-41.2500	10.0	0.0	4.8	WESTERNGREENLAND	199404061801A

SWEM	C	1994	8	16	8	58	48.00	65.2500	-40.7500	10.0	0.0	4.7	WESTERNGREENLAND	199408160858A

SWEM	A	1994	8	21	8	36	48.00	68.5000	-33.5000	10.0	0.0	5.0	EASTERNGREENLAND	199408210836A

SWEM	B	1994	8	21	9	46	56.00	72.5000	-28.5000	10.0	0.0	4.8	EASTERNGREENLAND	199408210946A

SWEM	C	1994	8	26	6	11	28.00	72.2500	-51.2500	10.0	0.0	4.9	WESTERNGREENLAND	199408260611A

SWEM	E	1994	10	26	4	59	36.00	68.2500	-32.7500	10.0	0.0	4.9	EASTERNGREENLAND	199410260459A

SWEM	A	1994	11	26	4	11	4.00	69.2500	-31.2500	10.0	0.0	4.9	EASTERNGREENLAND	199411260411B

SWEM	B	1995	7	18	5	30	56.00	69.0000	-31.0000	10.0	0.0	4.9	EASTERNGREENLAND	199507180530A

SWEM	C	1995	7	24	23	3	52.00	67.2500	-33.2500	10.0	0.0	4.8	EASTERNGREENLAND	199507242303A

SWEM	C	1995	8	3	4	21	52.00	72.7500	-28.7500	10.0	0.0	4.9	EASTERNGREENLAND	199508030421A

SWEM	A	1995	9	4	0	25	12.00	69.0000	-33.0000	10.0	0.0	5.0	EASTERNGREENLAND	199509040025A

SWEM	C	1995	10	6	3	7	36.00	68.0000	-38.0000	10.0	0.0	4.9	EASTERNGREENLAND	199510060307A

SWEM	C	1995	11	8	22	20	32.00	70.5000	-27.5000	10.0	0.0	5.0	EASTERNGREENLAND	199511082220A

SWEM	C	1995	11	12	2	27	20.00	73.7500	-56.2500	10.0	0.0	4.7	WESTERNGREENLAND	199511120227A

SWEM	A	1995	12	11	9	35	44.00	68.5000	-31.5000	10.0	0.0	5.0	EASTERNGREENLAND	199512110935A

SWEM	B	1996	1	28	16	14	8.00	68.2500	-32.7500	10.0	0.0	4.9	EASTERNGREENLAND	199601281614A

SWEM	B	1996	5	14	13	50	16.00	66.2500	-38.2500	10.0	0.0	4.8	EASTERNGREENLAND	199605141350A

SWEM	A	1996	6	26	18	29	28.00	68.2500	-33.2500	10.0	0.0	4.9	EASTERNGREENLAND	199606261829A

SWEM	C	1996	7	19	18	37	28.00	67.5000	-33.5000	10.0	0.0	4.9	EASTERNGREENLAND	199607191837A

SWEM	A	1996	7	25	23	26	8.00	66.2500	-37.7500	10.0	0.0	4.8	EASTERNGREENLAND	199607252326A

SWEM	C	1996	8	8	2	47	4.00	68.0000	-38.0000	10.0	0.0	4.7	EASTERNGREENLAND	199608080247A

SWEM	B	1996	10	4	22	4	48.00	69.2500	-32.2500	10.0	0.0	4.9	EASTERNGREENLAND	199610042204A

SWEM	B	1996	11	6	3	46	0.00	67.5000	-38.5000	10.0	0.0	4.8	EASTERNGREENLAND	199611060346A

SWEM	B	1996	11	30	13	35	44.00	65.7500	-38.2500	10.0	0.0	4.9	EASTERNGREENLAND	199611301335A

SWEM	B	1996	12	7	1	42	32.00	66.7500	-34.2500	10.0	0.0	5.1	EASTERNGREENLAND	199612070142B

SWEM	B	1997	3	16	14	52	40.00	68.2500	-33.2500	10.0	0.0	4.9	EASTERNGREENLAND	199703161452A

SWEM	C	1997	3	28	2	28	16.00	71.7500	-51.2500	10.0	0.0	4.9	WESTERNGREENLAND	199703280228A

SWEM	B	1997	4	7	7	0	32.00	68.2500	-33.2500	10.0	0.0	4.8	EASTERNGREENLAND	199704070700A

SWEM	C	1997	5	4	16	28	48.00	65.7500	-40.2500	10.0	0.0	4.8	WESTERNGREENLAND	199705041628A

SWEM	C	1997	7	15	6	54	48.00	69.0000	-33.0000	10.0	0.0	4.8	EASTERNGREENLAND	199707150654A

SWEM	B	1997	8	15	12	1	28.00	72.2500	-30.2500	10.0	0.0	4.9	EASTERNGREENLAND	199708151201A

SWEM	B	1997	8	20	13	28	40.00	68.7500	-32.7500	10.0	0.0	4.9	EASTERNGREENLAND	199708201328A

SWEM	B	1997	9	6	3	45	52.00	71.7500	-52.2500	10.0	0.0	5.0	WESTERNGREENLAND	199709060345A

SWEM	A	1997	9	12	3	59	20.00	69.2500	-32.7500	10.0	0.0	5.0	EASTERNGREENLAND	199709120359A

SWEM	B	1997	9	24	22	9	12.00	68.2500	-33.2500	10.0	0.0	4.9	EASTERNGREENLAND	199709242209A

SWEM	C	1997	10	1	17	41	28.00	67.0000	-39.0000	10.0	0.0	4.7	EASTERNGREENLAND	199710011741A

SWEM	E	1997	11	4	19	4	0.00	68.7500	-37.2500	10.0	0.0	4.8	EASTERNGREENLAND	199711041904A

SWEM	C	1998	5	1	22	19	36.00	65.7500	-40.7500	10.0	0.0	4.7	WESTERNGREENLAND	199805012219A

SWEM	C	1998	6	3	15	9	28.00	66.5000	-38.5000	10.0	0.0	4.8	EASTERNGREENLAND	199806031509A

SWEM	B	1998	6	6	16	39	44.00	69.7500	-49.7500	10.0	0.0	4.9	WESTERNGREENLAND	199806061639A

SWEM	A	1998	6	11	0	18	56.00	69.7500	-50.7500	10.0	0.0	4.9	WESTERNGREENLAND	199806110018A

SWEM	B	1998	6	13	18	11	52.00	66.2500	-38.2500	10.0	0.0	4.8	EASTERNGREENLAND	199806131811A

SWEM	C	1998	6	29	15	16	56.00	69.5000	-49.5000	10.0	0.0	4.7	WESTERNGREENLAND	199806291516A

SWEM	B	1998	7	8	9	31	12.00	66.7500	-38.2500	10.0	0.0	4.8	EASTERNGREENLAND	199807080931A

SWEM	C	1998	7	21	6	30	16.00	69.0000	-49.0000	10.0	0.0	4.8	WESTERNGREENLAND	199807210630A

SWEM	C	1998	7	25	0	49	4.00	69.0000	-49.0000	10.0	0.0	4.7	WESTERNGREENLAND	199807250049A

SWEM	B	1998	7	28	0	37	28.00	69.5000	-49.5000	10.0	0.0	4.8	WESTERNGREENLAND	199807280037A

SWEM	B	1998	9	20	3	36	0.00	68.2500	-33.7500	10.0	0.0	4.7	EASTERNGREENLAND	199809200336A

SWEM	A	1998	10	13	22	12	48.00	68.7500	-32.2500	10.0	0.0	5.0	EASTERNGREENLAND	199810132212A

SWEM	A	1998	10	27	3	30	24.00	68.7500	-32.7500	10.0	0.0	5.0	EASTERNGREENLAND	199810270330A

SWEM	C	1999	1	22	14	0	48.00	68.2500	-34.2500	10.0	0.0	4.8	EASTERNGREENLAND	199901221400A

SWEM	A	1999	4	19	23	0	24.00	71.7500	-51.2500	10.0	0.0	4.9	WESTERNGREENLAND	199904192300A

SWEM	C	1999	4	21	3	49	36.00	69.2500	-51.7500	10.0	0.0	4.8	WESTERNGREENLAND	199904210349A

SWEM	C	1999	4	24	12	17	28.00	69.5000	-50.5000	10.0	0.0	4.9	WESTERNGREENLAND	199904241217A

SWEM	C	1999	5	2	23	16	24.00	69.7500	-49.7500	10.0	0.0	4.7	WESTERNGREENLAND	199905022316A

SWEM	C	1999	5	20	11	34	56.00	68.7500	-49.7500	10.0	0.0	4.8	WESTERNGREENLAND	199905201134A

SWEM	C	1999	6	9	14	49	4.00	70.5000	-49.5000	10.0	0.0	4.8	WESTERNGREENLAND	199906091449A

SWEM	B	1999	7	18	6	30	32.00	66.5000	-38.5000	10.0	0.0	4.8	EASTERNGREENLAND	199907180630A

SWEM	C	1999	8	14	14	4	56.00	68.7500	-50.2500	10.0	0.0	4.9	WESTERNGREENLAND	199908141404A

SWEM	B	1999	9	2	9	16	56.00	66.7500	-38.2500	10.0	0.0	4.8	EASTERNGREENLAND	199909020916A

SWEM	A	1999	10	8	9	34	56.00	68.2500	-32.7500	10.0	0.0	4.9	EASTERNGREENLAND	199910080934A

SWEM	B	1999	11	15	22	56	8.00	68.2500	-32.7500	10.0	0.0	4.8	EASTERNGREENLAND	199911152256A

SWEM	B	1999	11	15	23	6	16.00	68.2500	-32.7500	10.0	0.0	4.9	EASTERNGREENLAND	199911152306A

SWEM	C	1999	12	21	4	40	16.00	65.5000	-37.5000	10.0	0.0	4.7	EASTERNGREENLAND	199912210440A

SWEM	C	2000	3	3	14	41	12.00	69.2500	-30.7500	10.0	0.0	4.8	EASTERNGREENLAND	200003031441A

SWEM	C	2000	6	12	9	37	4.00	69.5000	-31.5000	10.0	0.0	4.8	EASTERNGREENLAND	200006120937A

SWEM	C	2000	7	2	10	36	48.00	71.7500	-28.7500	10.0	0.0	4.8	EASTERNGREENLAND	200007021036A

SWEM	B	2000	7	21	19	2	40.00	67.7500	-34.2500	10.0	0.0	5.0	EASTERNGREENLAND	200007211902A

SWEM	B	2000	8	16	21	24	48.00	75.5000	-59.5000	10.0	0.0	4.9	WESTERNGREENLAND	200008162124A

SWEM	E	2000	8	20	11	1	4.00	70.7500	-35.7500	10.0	0.0	4.9	EASTERNGREENLAND	200008201101A

SWEM	E	2000	9	2	19	58	40.00	68.7500	-33.7500	10.0	0.0	4.9	EASTERNGREENLAND	200009021958A

SWEM	C	2000	9	4	11	57	28.00	66.5000	-41.5000	10.0	0.0	4.8	WESTERNGREENLAND	200009041157A

SWEM	B	2000	9	15	7	4	32.00	66.2500	-37.7500	10.0	0.0	4.8	EASTERNGREENLAND	200009150704A

SWEM	C	2000	9	17	2	18	8.00	73.5000	-56.5000	10.0	0.0	4.8	WESTERNGREENLAND	200009170218A

SWEM	C	2000	10	20	2	1	4.00	69.0000	-33.0000	10.0	0.0	4.9	EASTERNGREENLAND	200010200201A

SWEM	E	2000	12	14	6	50	8.00	69.0000	-33.0000	10.0	0.0	4.9	EASTERNGREENLAND	200012140650A

SWEM	C	2001	2	7	5	36	8.00	65.7500	-37.7500	10.0	0.0	4.8	EASTERNGREENLAND	200102070536A

SWEM	B	2001	7	2	1	14	24.00	72.7500	-54.2500	10.0	0.0	4.7	WESTERNGREENLAND	200107020114A

SWEM	C	2001	7	6	3	25	44.00	66.5000	-38.5000	10.0	0.0	4.8	EASTERNGREENLAND	200107060325A

SWEM	B	2001	8	11	6	27	28.00	75.7500	-59.2500	10.0	0.0	4.8	WESTERNGREENLAND	200108110627A

SWEM	B	2001	9	3	13	1	12.00	68.5000	-34.5000	10.0	0.0	4.9	EASTERNGREENLAND	200109031301A

SWEM	B	2001	10	1	16	37	36.00	68.7500	-33.7500	10.0	0.0	4.9	EASTERNGREENLAND	200110011637A

SWEM	C	2001	10	24	17	24	56.00	72.5000	-54.5000	10.0	0.0	4.6	WESTERNGREENLAND	200110241724A

SWEM	B	2001	11	29	2	46	40.00	67.7500	-32.2500	10.0	0.0	5.0	EASTERNGREENLAND	200111290246B

SWEM	E	2001	12	1	16	56	8.00	65.7500	-38.2500	10.0	0.0	4.8	EASTERNGREENLAND	200112011656A

SWEM	C	2001	12	20	7	27	4.00	69.0000	-27.0000	10.0	0.0	4.8	EASTERNGREENLAND	200112200727A

SWEM	B	2001	12	21	3	13	36.00	72.7500	-53.7500	10.0	0.0	4.8	WESTERNGREENLAND	200112210313A

SWEM	E	2001	12	25	6	4	56.00	67.2500	-38.2500	10.0	0.0	4.8	EASTERNGREENLAND	200112250604A

SWEM	B	2001	12	26	19	39	52.00	66.2500	-38.7500	10.0	0.0	4.7	EASTERNGREENLAND	200112261939A

SWEM	A	2001	12	28	17	19	36.00	68.7500	-33.2500	10.0	0.0	5.0	EASTERNGREENLAND	200112281719A

SWEM	C	2002	2	27	15	43	4.00	69.5000	-30.5000	10.0	0.0	4.9	EASTERNGREENLAND	200202271543A

SWEM	A	2002	4	4	22	49	4.00	68.7500	-33.2500	10.0	0.0	4.9	EASTERNGREENLAND	200204042249A

SWEM	C	2002	4	19	21	50	8.00	67.2500	-38.2500	10.0	0.0	4.7	EASTERNGREENLAND	200204192150A

SWEM	B	2002	5	1	10	13	44.00	66.2500	-38.2500	10.0	0.0	4.8	EASTERNGREENLAND	200205011013A

SWEM	B	2002	5	12	18	6	24.00	66.7500	-38.7500	10.0	0.0	4.7	EASTERNGREENLAND	200205121806A

SWEM	C	2002	6	8	4	31	44.00	66.2500	-38.2500	10.0	0.0	4.7	EASTERNGREENLAND	200206080431A

SWEM	C	2002	6	8	18	2	16.00	66.2500	-38.2500	10.0	0.0	4.7	EASTERNGREENLAND	200206081802A

SWEM	B	2002	6	18	22	2	8.00	73.2500	-57.2500	10.0	0.0	4.8	BAFFINBAY	200206182202A

SWEM	A	2002	7	14	5	18	32.00	73.0000	-55.0000	10.0	0.0	4.8	WESTERNGREENLAND	200207140518B

SWEM	C	2002	7	19	0	42	16.00	75.0000	-57.0000	10.0	0.0	4.7	WESTERNGREENLAND	200207190042A

SWEM	B	2002	8	3	10	13	4.00	66.7500	-38.2500	10.0	0.0	4.8	EASTERNGREENLAND	200208031013A

SWEM	A	2002	9	20	2	0	16.00	68.5000	-33.5000	10.0	0.0	4.9	EASTERNGREENLAND	200209200200A

SWEM	C	2002	9	26	3	46	16.00	69.0000	-33.0000	10.0	0.0	4.8	EASTERNGREENLAND	200209260346A

SWEM	C	2002	10	2	22	25	44.00	76.5000	-63.5000	10.0	0.0	4.8	WESTERNGREENLAND	200210022225A

SWEM	B	2002	11	14	12	50	56.00	75.7500	-59.2500	10.0	0.0	4.8	WESTERNGREENLAND	200211141250A

SWEM	E	2003	1	27	14	26	48.00	69.5000	-32.5000	10.0	0.0	4.8	EASTERNGREENLAND	200301271426A

SWEM	C	2003	2	3	21	44	0.00	68.5000	-32.5000	10.0	0.0	5.0	EASTERNGREENLAND	200302032144A

SWEM	B	2003	2	17	19	30	40.00	71.5000	-52.5000	10.0	0.0	4.8	WESTERNGREENLAND	200302171930A

SWEM	A	2003	3	10	21	17	36.00	75.5000	-57.5000	10.0	0.0	4.9	WESTERNGREENLAND	200303102117B

SWEM	B	2003	3	26	9	21	4.00	75.7500	-57.7500	10.0	0.0	4.7	WESTERNGREENLAND	200303260921A

SWEM	C	2003	4	1	8	29	44.00	71.0000	-53.0000	10.0	0.0	4.8	WESTERNGREENLAND	200304010829A

SWEM	A	2003	7	26	4	41	44.00	72.2500	-28.7500	10.0	0.0	4.8	EASTERNGREENLAND	200307260441A

SWEM	C	2003	8	3	23	40	40.00	66.2500	-37.7500	10.0	0.0	4.9	EASTERNGREENLAND	200308032340A

SWEM	B	2003	8	5	14	0	24.00	68.5000	-33.5000	10.0	0.0	4.8	EASTERNGREENLAND	200308051400A

SWEM	B	2003	8	13	8	51	12.00	68.2500	-34.7500	10.0	0.0	5.0	EASTERNGREENLAND	200308130851B

SWEM	C	2003	8	14	23	30	24.00	75.0000	-57.0000	10.0	0.0	4.7	WESTERNGREENLAND	200308142330A

SWEM	C	2003	8	30	5	49	28.00	75.7500	-58.7500	10.0	0.0	4.7	WESTERNGREENLAND	200308300549A

SWEM	A	2003	9	20	20	31	20.00	75.7500	-60.2500	10.0	0.0	4.8	BAFFINBAY	200309202031A

SWEM	B	2003	9	24	1	1	12.00	69.2500	-32.2500	10.0	0.0	4.8	EASTERNGREENLAND	200309240101A

SWEM	B	2003	9	24	1	32	0.00	69.2500	-32.7500	10.0	0.0	5.0	EASTERNGREENLAND	200309240132A

SWEM	B	2003	10	2	9	7	4.00	67.2500	-37.2500	10.0	0.0	4.8	EASTERNGREENLAND	200310020907A

SWEM	A	2003	10	5	3	7	52.00	68.5000	-33.5000	10.0	0.0	5.0	EASTERNGREENLAND	200310050307A

SWEM	B	2003	10	12	21	12	40.00	66.5000	-38.5000	10.0	0.0	4.9	EASTERNGREENLAND	200310122112A

SWEM	B	2003	10	18	16	10	56.00	68.5000	-33.5000	10.0	0.0	5.0	EASTERNGREENLAND	200310181610A

SWEM	B	2003	10	19	9	23	44.00	76.2500	-60.7500	10.0	0.0	4.8	WESTERNGREENLAND	200310190923A

SWEM	A	2003	11	9	4	17	52.00	66.2500	-38.2500	10.0	0.0	4.8	EASTERNGREENLAND	200311090417A

SWEM	E	2004	1	7	14	37	4.00	75.7500	-58.7500	10.0	0.0	4.7	WESTERNGREENLAND	200401071437A

SWEM	E	2004	1	27	6	15	52.00	68.2500	-33.7500	10.0	0.0	4.7	EASTERNGREENLAND	200401270615A

SWEM	C	2004	3	16	14	1	36.00	66.5000	-38.5000	10.0	0.0	4.6	EASTERNGREENLAND	200403161401A

SWEM	C	2004	4	11	4	7	36.00	73.0000	-55.0000	10.0	0.0	4.6	WESTERNGREENLAND	200404110407A

SWEM	B	2004	5	26	12	0	16.00	66.2500	-38.7500	10.0	0.0	4.8	EASTERNGREENLAND	200405261200A

SWEM	B	2004	6	3	4	38	48.00	75.7500	-59.2500	10.0	0.0	4.8	WESTERNGREENLAND	200406030438A

SWEM	A	2004	6	25	5	58	56.00	66.5000	-38.5000	10.0	0.0	4.9	EASTERNGREENLAND	200406250558A

SWEM	B	2004	6	25	6	5	28.00	66.2500	-38.7500	10.0	0.0	4.9	EASTERNGREENLAND	200406250605B

SWEM	B	2004	7	2	6	15	20.00	71.2500	-51.7500	10.0	0.0	4.8	WESTERNGREENLAND	200407020615A

SWEM	B	2004	7	6	10	15	12.00	66.2500	-38.2500	10.0	0.0	4.8	EASTERNGREENLAND	200407061015A

SWEM	C	2004	7	6	10	22	48.00	65.7500	-37.7500	10.0	0.0	4.7	EASTERNGREENLAND	200407061022A

SWEM	A	2004	7	21	12	33	36.00	66.7500	-38.2500	10.0	0.0	4.8	EASTERNGREENLAND	200407211233A

SWEM	C	2004	8	1	9	27	4.00	69.0000	-33.0000	10.0	0.0	4.8	EASTERNGREENLAND	200408010927A

SWEM	B	2004	8	11	7	22	40.00	66.7500	-39.2500	10.0	0.0	4.8	EASTERNGREENLAND	200408110722A

SWEM	B	2004	8	12	13	8	8.00	72.7500	-29.7500	10.0	0.0	4.9	EASTERNGREENLAND	200408121308A

SWEM	C	2004	8	13	19	34	0.00	66.2500	-38.2500	10.0	0.0	4.9	EASTERNGREENLAND	200408131934A

SWEM	B	2004	8	22	14	9	44.00	75.7500	-57.2500	10.0	0.0	4.7	WESTERNGREENLAND	200408221409A

SWEM	B	2004	8	26	17	0	8.00	75.7500	-58.2500	10.0	0.0	4.8	WESTERNGREENLAND	200408261700A

SWEM	B	2004	9	20	5	11	4.00	68.5000	-33.5000	10.0	0.0	4.8	EASTERNGREENLAND	200409200511A

SWEM	C	2004	9	26	7	46	16.00	72.7500	-54.2500	10.0	0.0	4.8	WESTERNGREENLAND	200409260746A

SWEM	C	2004	11	1	16	39	12.00	69.2500	-32.2500	10.0	0.0	5.0	EASTERNGREENLAND	200411011639A

SWEM	E	2004	11	2	22	6	40.00	67.0000	-37.0000	10.0	0.0	4.8	EASTERNGREENLAND	200411022206B

SWEM	B	2004	11	20	7	29	28.00	75.7500	-60.7500	10.0	0.0	4.9	BAFFINBAY	200411200729A

SWEM	A	2004	11	24	3	44	24.00	76.2500	-60.7500	10.0	0.0	4.8	WESTERNGREENLAND	200411240344A

SWEM	C	2004	11	24	20	55	12.00	69.5000	-33.5000	10.0	0.0	4.7	EASTERNGREENLAND	200411242055A

SWEM	B	2004	12	16	14	53	12.00	76.2500	-61.7500	10.0	0.0	4.8	WESTERNGREENLAND	200412161453A

SWEM	B	2004	12	30	17	6	0.00	76.2500	-60.7500	10.0	0.0	4.8	WESTERNGREENLAND	200412301706A

SWEM	A	2005	1	2	7	26	0.00	75.5000	-57.5000	10.0	0.0	4.9	WESTERNGREENLAND	200501020726A

SWEM	C	2005	1	7	18	35	4.00	69.0000	-33.0000	10.0	0.0	4.8	EASTERNGREENLAND	200501071835A

SWEM	C	2005	1	10	3	19	44.00	78.5000	-67.5000	10.0	0.0	4.7	WESTERNGREENLAND	200501100319A

SWEM	A	2005	1	12	20	39	4.00	68.7500	-33.2500	10.0	0.0	5.1	EASTERNGREENLAND	200501122039B

SWEM	E	2005	2	6	6	24	8.00	67.0000	-37.0000	10.0	0.0	4.9	EASTERNGREENLAND	200502060624A

SWEM	B	2005	2	11	6	55	20.00	66.7500	-38.2500	10.0	0.0	5.0	EASTERNGREENLAND	200502110655A

SWEM	B	2005	2	19	13	29	36.00	66.7500	-37.7500	10.0	0.0	4.9	EASTERNGREENLAND	200502191329A

SWEM	C	2005	3	20	8	5	4.00	68.5000	-33.5000	10.0	0.0	4.8	EASTERNGREENLAND	200503200805A

SWEM	B	2005	4	5	12	28	0.00	65.7500	-38.2500	10.0	0.0	4.8	EASTERNGREENLAND	200504051228A

SWEM	A	2005	4	5	13	3	28.00	65.7500	-37.7500	10.0	0.0	4.8	EASTERNGREENLAND	200504051303A

SWEM	A	2005	4	6	16	41	20.00	68.7500	-32.7500	10.0	0.0	4.9	EASTERNGREENLAND	200504061641B

SWEM	A	2005	4	23	2	10	8.00	66.7500	-37.7500	10.0	0.0	5.0	EASTERNGREENLAND	200504230210A

SWEM	A	2005	4	26	6	13	36.00	68.5000	-33.5000	10.0	0.0	4.8	EASTERNGREENLAND	200504260613A

SWEM	A	2005	5	12	17	23	20.00	66.7500	-38.7500	10.0	0.0	5.0	EASTERNGREENLAND	200505121723A

SWEM	A	2005	5	12	19	16	56.00	66.2500	-38.2500	10.0	0.0	4.9	EASTERNGREENLAND	200505121916A

SWEM	B	2005	6	11	16	10	56.00	76.2500	-59.7500	10.0	0.0	4.8	WESTERNGREENLAND	200506111610A

SWEM	A	2005	6	16	13	57	44.00	66.5000	-39.5000	10.0	0.0	4.9	EASTERNGREENLAND	200506161357A

SWEM	C	2005	7	7	5	9	44.00	65.5000	-40.5000	10.0	0.0	4.6	WESTERNGREENLAND	200507070509A

SWEM	A	2005	7	11	21	53	20.00	66.5000	-38.5000	10.0	0.0	4.9	EASTERNGREENLAND	200507112153A

SWEM	B	2005	7	17	2	30	56.00	71.2500	-50.2500	10.0	0.0	4.8	WESTERNGREENLAND	200507170230A

SWEM	C	2005	7	28	0	45	4.00	65.2500	-41.2500	10.0	0.0	4.8	WESTERNGREENLAND	200507280045A

SWEM	B	2005	7	28	12	22	40.00	71.7500	-29.2500	10.0	0.0	4.8	EASTERNGREENLAND	200507281222A

SWEM	C	2005	7	28	12	37	36.00	71.7500	-29.7500	10.0	0.0	4.7	EASTERNGREENLAND	200507281237A

SWEM	A	2005	7	30	20	28	48.00	69.2500	-48.7500	10.0	0.0	4.8	WESTERNGREENLAND	200507302028A

SWEM	B	2005	8	2	13	28	48.00	71.7500	-29.2500	10.0	0.0	4.8	EASTERNGREENLAND	200508021328A

SWEM	B	2005	8	3	0	58	0.00	73.2500	-54.2500	10.0	0.0	4.7	WESTERNGREENLAND	200508030058A

SWEM	A	2005	8	11	6	1	36.00	66.7500	-38.2500	10.0	0.0	4.9	EASTERNGREENLAND	200508110601A

SWEM	B	2005	8	11	6	40	8.00	65.5000	-38.5000	10.0	0.0	4.8	EASTERNGREENLAND	200508110640A

SWEM	C	2005	8	12	13	11	44.00	69.2500	-32.2500	10.0	0.0	4.8	EASTERNGREENLAND	200508121311A

SWEM	A	2005	8	12	19	30	48.00	77.5000	-66.5000	10.0	0.0	4.8	WESTERNGREENLAND	200508121930A

SWEM	B	2005	8	14	3	33	4.00	66.2500	-38.7500	10.0	0.0	4.9	EASTERNGREENLAND	200508140333A

SWEM	A	2005	8	16	0	56	40.00	69.7500	-50.2500	10.0	0.0	4.9	WESTERNGREENLAND	200508160056A

SWEM	C	2005	8	17	14	17	52.00	69.0000	-33.0000	10.0	0.0	4.7	EASTERNGREENLAND	200508171417A

SWEM	A	2005	8	18	1	39	4.00	76.2500	-60.2500	10.0	0.0	4.8	WESTERNGREENLAND	200508180139A

SWEM	B	2005	8	20	7	54	40.00	66.5000	-37.5000	10.0	0.0	4.8	EASTERNGREENLAND	200508200754A

SWEM	C	2005	8	28	20	33	28.00	72.7500	-54.7500	10.0	0.0	4.8	WESTERNGREENLAND	200508282033A

SWEM	C	2005	9	18	15	2	0.00	68.5000	-34.5000	10.0	0.0	4.7	EASTERNGREENLAND	200509181502B

SWEM	A	2005	9	20	10	7	36.00	69.7500	-32.2500	10.0	0.0	5.0	EASTERNGREENLAND	200509201007A

SWEM	C	2005	9	21	21	40	24.00	75.7500	-54.7500	10.0	0.0	4.7	WESTERNGREENLAND	200509212140A

SWEM	C	2005	9	22	6	28	24.00	76.0000	-62.0000	10.0	0.0	4.9	WESTERNGREENLAND	200509220628A

SWEM	C	2005	9	27	22	10	32.00	74.7500	-64.2500	10.0	0.0	5.0	BAFFINBAY	200509272210A

SWEM	C	2005	10	10	20	15	12.00	74.7500	-56.2500	10.0	0.0	4.8	WESTERNGREENLAND	200510102015A

SWEM	B	2005	10	12	2	44	48.00	65.2500	-41.2500	10.0	0.0	4.7	WESTERNGREENLAND	200510120244A

SWEM	B	2005	10	17	4	54	0.00	75.5000	-60.5000	10.0	0.0	4.9	BAFFINBAY	200510170454A

SWEM	C	2005	11	9	18	41	44.00	69.2500	-33.7500	10.0	0.0	4.8	EASTERNGREENLAND	200511091841A

SWEM	C	2006	2	13	20	29	52.00	70.2500	-30.7500	10.0	0.0	4.8	EASTERNGREENLAND	200602132029A

SWEM	A	2006	2	28	22	44	32.00	69.0000	-33.0000	10.0	0.0	4.8	EASTERNGREENLAND	200602282244A

SWEM	B	2006	3	4	23	5	20.00	65.7500	-41.2500	10.0	0.0	4.7	WESTERNGREENLAND	200603042305A

SWEM	B	2006	4	29	11	39	12.00	65.2500	-41.2500	10.0	0.0	4.8	WESTERNGREENLAND	200604291139A

SWEM	A	2006	5	1	6	44	32.00	72.2500	-52.7500	10.0	0.0	4.9	WESTERNGREENLAND	200605010644A

SWEQ	C	2006	6	11	14	53	36.00	69.2500	-49.7500	10.0	0.0	4.8	WESTERNGREENLAND	200606111453A

SWEM	E	2006	6	24	10	48	32.00	69.2500	-49.7500	10.0	0.0	4.7	WESTERNGREENLAND	200606241048A

SWEM	A	2006	7	10	18	13	36.00	65.2500	-40.7500	10.0	0.0	4.8	WESTERNGREENLAND	200607101813A

SWEM	C	2006	7	16	3	15	28.00	69.0000	-31.0000	10.0	0.0	4.6	EASTERNGREENLAND	200607160315A

SWEM	C	2006	7	16	6	41	52.00	73.2500	-53.2500	10.0	0.0	4.7	WESTERNGREENLAND	200607160641A

SWEM	C	2006	7	25	4	51	44.00	68.7500	-49.7500	10.0	0.0	4.7	WESTERNGREENLAND	200607250451A

SWEM	B	2006	8	10	18	45	20.00	77.5000	-65.5000	10.0	0.0	4.8	WESTERNGREENLAND	200608101845A

SWEM	C	2006	8	23	17	19	28.00	65.7500	-37.7500	10.0	0.0	4.7	EASTERNGREENLAND	200608231719A

SWEM	B	2006	8	28	7	55	4.00	69.5000	-25.5000	10.0	0.0	4.6	EASTERNGREENLAND	200608280755A

SWEQ	C	2006	9	10	4	19	28.00	75.7500	-59.7500	10.0	0.0	4.9	WESTERNGREENLAND	200609100419A

SWEM	C	2006	9	10	4	20	16.00	77.7500	-57.2500	10.0	0.0	4.9	WESTERNGREENLAND	200609100420A

SWEM	B	2006	10	9	4	3	12.00	76.5000	-60.5000	10.0	0.0	4.8	WESTERNGREENLAND	200610090402A

SWEM	B	2006	10	14	7	23	20.00	76.0000	-58.0000	10.0	0.0	4.8	WESTERNGREENLAND	200610140723A

SWEM	C	2006	11	5	9	13	4.00	75.7500	-58.2500	10.0	0.0	4.7	WESTERNGREENLAND	200611050913A

SWEM	B	2006	11	28	10	55	44.00	68.7500	-32.7500	10.0	0.0	4.9	EASTERNGREENLAND	200611281055A

SWEM	B	2006	12	19	16	57	44.00	74.7500	-57.7500	10.0	0.0	4.8	WESTERNGREENLAND	200612191657A

SWEQ	C	2007	1	8	9	22	24.00	71.5000	-51.5000	10.0	0.0	4.8	WESTERNGREENLAND	200701080922A

SWEM	A	2007	4	22	8	55	4.00	66.2500	-38.2500	10.0	0.0	4.7	EASTERNGREENLAND	200704220855A

SWEM	A	2007	4	23	21	56	56.00	75.2500	-58.2500	10.0	0.0	4.8	WESTERNGREENLAND	200704232156B

SWEM	C	2007	5	30	2	57	12.00	77.5000	-63.5000	10.0	0.0	4.7	WESTERNGREENLAND	200705300257A

SWEM	B	2007	6	9	5	16	56.00	75.7500	-60.7500	10.0	0.0	4.8	BAFFINBAY	200706090516A

SWEM	A	2007	7	4	16	55	20.00	69.2500	-49.7500	10.0	0.0	4.9	WESTERNGREENLAND	200707041655A

SWEQ	C	2007	7	8	12	58	24.00	67.2500	-37.2500	10.0	0.0	4.7	EASTERNGREENLAND	200707081258A

SWEM	A	2007	7	9	1	8	16.00	66.2500	-37.2500	10.0	0.0	4.8	EASTERNGREENLAND	200707090108A

SWEM	B	2007	7	9	2	42	8.00	66.7500	-38.2500	10.0	0.0	4.7	EASTERNGREENLAND	200707090242A

SWEM	C	2007	7	9	5	31	12.00	75.0000	-57.0000	10.0	0.0	4.6	WESTERNGREENLAND	200707090531A

SWEM	A	2007	7	20	0	36	16.00	69.2500	-33.2500	10.0	0.0	4.7	EASTERNGREENLAND	200707200036A

SWEM	A	2007	7	24	23	3	12.00	77.2500	-60.7500	10.0	0.0	4.9	WESTERNGREENLAND	200707242303A

SWEM	A	2007	7	26	22	42	48.00	66.5000	-38.5000	10.0	0.0	4.7	EASTERNGREENLAND	200707262242A

SWEM	C	2007	8	3	19	25	12.00	72.2500	-52.2500	10.0	0.0	4.8	WESTERNGREENLAND	200708031925A

SWEM	B	2007	8	13	20	37	52.00	66.2500	-38.7500	10.0	0.0	4.8	EASTERNGREENLAND	200708132037A

SWEM	A	2007	8	25	9	19	4.00	75.2500	-56.7500	10.0	0.0	4.9	WESTERNGREENLAND	200708250919A

SWEM	C	2007	9	11	22	42	0.00	70.2500	-50.7500	10.0	0.0	4.6	WESTERNGREENLAND	200709112242A

SWEM	A	2007	10	13	5	55	12.00	74.7500	-56.7500	10.0	0.0	4.8	WESTERNGREENLAND	200710130555A

SWEM	A	2007	11	21	18	4	56.00	66.2500	-38.7500	10.0	0.0	5.0	EASTERNGREENLAND	200711211804A

SWEM	A	2007	11	24	0	8	56.00	68.5000	-33.5000	10.0	0.0	4.8	EASTERNGREENLAND	200711240008A

SWEM	A	2007	11	24	12	54	32.00	66.5000	-38.5000	10.0	0.0	4.9	EASTERNGREENLAND	200711241254A

SWEM	A	2007	11	24	13	29	52.00	67.2500	-38.2500	10.0	0.0	4.8	EASTERNGREENLAND	200711241329A

SWEM	A	2007	12	14	6	39	36.00	75.2500	-56.7500	10.0	0.0	4.9	WESTERNGREENLAND	200712140639A

SWEQ	E	2007	12	21	5	22	40.00	68.5000	-32.5000	10.0	0.0	4.7	EASTERNGREENLAND	200712210522B

SWEM	A	2007	12	31	14	40	56.00	66.2500	-38.7500	10.0	0.0	4.9	EASTERNGREENLAND	200712311440A

SWEM	B	2008	2	14	5	12	24.00	72.7500	-55.7500	10.0	0.0	4.8	WESTERNGREENLAND	200802140512A

SWEQ	C	2008	3	14	5	28	16.00	65.0000	-41.0000	10.0	0.0	4.7	WESTERNGREENLAND	200803140528A

SWEM	A	2008	4	5	21	6	8.00	75.5000	-56.5000	10.0	0.0	4.8	WESTERNGREENLAND	200804052106A

SWEM	C	2008	4	7	13	58	0.00	74.2500	-56.7500	10.0	0.0	4.7	WESTERNGREENLAND	200804071358A

SWEM	B	2008	5	4	12	52	40.00	65.5000	-41.5000	10.0	0.0	4.8	WESTERNGREENLAND	200805041252A

SWEM	B	2008	5	28	21	6	40.00	70.7500	-49.2500	10.0	0.0	4.7	WESTERNGREENLAND	200805282106A

SWEM	E	2008	6	12	17	20	8.00	69.0000	-49.0000	10.0	0.0	4.7	WESTERNGREENLAND	200806121720A

SWEM	C	2008	6	13	15	40	40.00	75.7500	-57.7500	10.0	0.0	4.8	WESTERNGREENLAND	200806131540A

SWEM	B	2008	6	19	15	20	0.00	74.7500	-58.2500	10.0	0.0	4.8	BAFFINBAY	200806191520B

SWEM	C	2008	7	13	4	59	44.00	69.5000	-49.5000	10.0	0.0	4.8	WESTERNGREENLAND	200807130459A

SWEM	A	2008	8	1	14	43	20.00	66.5000	-38.5000	10.0	0.0	4.8	EASTERNGREENLAND	200808011443A

SWEM	A	2008	8	1	23	0	40.00	66.7500	-39.2500	10.0	0.0	4.8	EASTERNGREENLAND	200808012300A

SWEM	A	2008	8	14	20	58	24.00	77.7500	-58.7500	10.0	0.0	5.0	WESTERNGREENLAND	200808142058A

SWEM	B	2008	8	19	21	5	28.00	66.2500	-38.2500	10.0	0.0	4.8	EASTERNGREENLAND	200808192105A

SWEM	B	2008	11	3	16	44	48.00	68.7500	-33.7500	10.0	0.0	4.9	EASTERNGREENLAND	200811031644A

SWEM	E	2008	11	7	13	44	24.00	77.5000	-66.5000	10.0	0.0	4.7	WESTERNGREENLAND	200811071344A

SWEM	A	2008	11	21	20	31	52.00	76.0000	-58.0000	10.0	0.0	4.9	WESTERNGREENLAND	200811212031A

SWEM	A	2008	11	25	4	10	40.00	68.5000	-33.5000	10.0	0.0	4.9	EASTERNGREENLAND	200811250410A

SWEM	A	2008	12	13	14	47	52.00	68.0000	-34.0000	10.0	0.0	5.0	EASTERNGREENLAND	200812131447A

SWEM	B	2009	1	8	16	11	4.00	72.5000	-53.5000	10.0	0.0	4.8	WESTERNGREENLAND	200901081611A

SWEM	B	2009	2	6	18	51	28.00	66.2500	-38.7500	10.0	0.0	4.7	EASTERNGREENLAND	200902061851A

SWEM	A	2009	2	6	18	59	4.00	66.2500	-37.7500	10.0	0.0	4.8	EASTERNGREENLAND	200902061859A

SWEQ	C	2009	2	7	19	14	32.00	74.2500	-57.2500	10.0	0.0	4.7	WESTERNGREENLAND	200902071914A

SWEM	A	2009	2	11	13	13	12.00	66.2500	-38.7500	10.0	0.0	4.9	EASTERNGREENLAND	200902111313A

SWEM	A	2009	4	19	19	7	20.00	66.7500	-38.7500	10.0	0.0	4.9	EASTERNGREENLAND	200904191907A

SWEM	B	2009	4	26	9	55	28.00	66.7500	-38.2500	10.0	0.0	4.9	EASTERNGREENLAND	200904260955A

SWEM	B	2009	4	27	10	54	40.00	66.2500	-38.7500	10.0	0.0	4.7	EASTERNGREENLAND	200904271054A

SWEM	B	2009	5	11	21	55	52.00	66.2500	-38.7500	10.0	0.0	4.7	EASTERNGREENLAND	200905112155A

SWEM	A	2009	5	13	2	11	20.00	67.2500	-37.2500	10.0	0.0	4.9	EASTERNGREENLAND	200905130211A

SWEM	B	2009	5	23	10	41	52.00	69.7500	-50.2500	10.0	0.0	4.7	WESTERNGREENLAND	200905231041A

SWEM	B	2009	5	25	12	42	40.00	69.0000	-49.0000	10.0	0.0	4.7	WESTERNGREENLAND	200905251242A

SWEM	A	2009	5	26	21	7	44.00	66.7500	-38.2500	10.0	0.0	4.8	EASTERNGREENLAND	200905262107A

SWEM	C	2009	6	14	0	2	24.00	75.5000	-58.5000	10.0	0.0	4.8	WESTERNGREENLAND	200906140002A

SWEM	A	2009	6	18	16	24	56.00	69.7500	-49.2500	10.0	0.0	4.8	WESTERNGREENLAND	200906181624A

SWEM	A	2009	6	26	13	27	36.00	69.2500	-50.2500	10.0	0.0	4.9	WESTERNGREENLAND	200906261327A

SWEM	C	2009	7	3	7	20	0.00	73.0000	-55.0000	10.0	0.0	4.7	WESTERNGREENLAND	200907030720A

SWEM	C	2009	7	22	0	19	52.00	75.0000	-55.0000	10.0	0.0	4.8	WESTERNGREENLAND	200907220019A

SWEM	C	2009	7	22	21	16	24.00	65.0000	-41.0000	10.0	0.0	4.7	WESTERNGREENLAND	200907222116A

SWEM	C	2009	8	11	20	12	8.00	69.2500	-51.2500	10.0	0.0	4.8	WESTERNGREENLAND	200908112012A

SWEQ	C	2009	8	20	0	16	40.00	75.5000	-57.5000	10.0	0.0	4.7	WESTERNGREENLAND	200908200016A

SWEM	B	2009	8	21	7	2	16.00	69.2500	-49.7500	10.0	0.0	4.8	WESTERNGREENLAND	200908210702A

SWEM	A	2009	8	23	7	24	0.00	75.7500	-58.7500	10.0	0.0	4.8	WESTERNGREENLAND	200908230724A

SWEQ	E	2009	8	26	22	59	20.00	66.2500	-38.7500	10.0	0.0	4.8	EASTERNGREENLAND	200908262259B

SWEM	C	2009	11	5	21	7	44.00	67.0000	-37.0000	10.0	0.0	4.8	EASTERNGREENLAND	200911052107A

SWEM	C	2009	11	22	17	15	20.00	76.7500	-58.2500	10.0	0.0	4.8	WESTERNGREENLAND	200911221715A

SWEM	A	2009	11	27	8	52	32.00	69.0000	-33.0000	10.0	0.0	4.9	EASTERNGREENLAND	200911270852A

SWEM	C	2009	12	2	10	31	12.00	75.2500	-58.2500	10.0	0.0	4.9	WESTERNGREENLAND	200912021031B

SWEM	C	2009	12	5	5	0	24.00	69.7500	-34.2500	10.0	0.0	4.7	EASTERNGREENLAND	200912050500A

SWEM	B	2009	12	28	2	50	40.00	69.2500	-32.2500	10.0	0.0	4.8	EASTERNGREENLAND	200912280250A

SWEM	C	2010	1	26	10	52	56.00	69.2500	-33.2500	10.0	0.0	4.9	EASTERNGREENLAND	201001261052A

SWEM	C	2010	1	27	15	37	52.00	75.7500	-60.2500	10.0	0.0	4.7	BAFFINBAY	201001271537A

SWEM	B	2010	2	4	0	16	56.00	69.0000	-33.0000	10.0	0.0	4.6	EASTERNGREENLAND	201002040016A

SWEM	C	2010	2	11	1	16	56.00	66.5000	-38.5000	10.0	0.0	4.8	EASTERNGREENLAND	201002110116A

SWEM	B	2010	2	21	4	12	24.00	69.0000	-49.0000	10.0	0.0	4.7	WESTERNGREENLAND	201002210412A

SWEQ	C	2010	3	19	1	12	48.00	69.5000	-50.5000	10.0	0.0	4.7	WESTERNGREENLAND	201003190112A

SWEM	C	2010	3	22	5	55	12.00	76.2500	-61.7500	10.0	0.0	4.7	WESTERNGREENLAND	201003220555A

SWEQ	E	2010	4	14	14	10	40.00	68.5000	-48.5000	10.0	0.0	4.7	WESTERNGREENLAND	201004141410A

SWEM	B	2010	5	21	3	56	24.00	68.7500	-51.7500	10.0	0.0	4.8	WESTERNGREENLAND	201005210356A

SWEM	B	2010	5	27	11	23	36.00	69.5000	-45.5000	10.0	0.0	4.9	WESTERNGREENLAND	201005271123A

SWEQ	C	2010	6	17	9	24	24.00	68.2500	-46.2500	10.0	0.0	4.8	WESTERNGREENLAND	201006170924A

SWEM	C	2010	6	21	9	35	4.00	65.2500	-36.2500	10.0	0.0	4.8	EASTERNGREENLAND	201006210935B

SWEM	A	2010	7	12	17	49	36.00	65.7500	-38.2500	10.0	0.0	4.8	EASTERNGREENLAND	201007121749A

SWEM	C	2010	7	15	8	53	36.00	66.5000	-39.5000	10.0	0.0	4.8	EASTERNGREENLAND	201007150853A

SWEM	A	2010	7	15	11	20	32.00	69.2500	-50.2500	10.0	0.0	4.8	WESTERNGREENLAND	201007151120A

SWEM	C	2010	7	17	3	51	12.00	75.7500	-59.2500	10.0	0.0	4.8	WESTERNGREENLAND	201007170351A

SWEM	A	2010	7	27	15	7	44.00	76.2500	-62.7500	10.0	0.0	4.9	BAFFINBAY	201007271507A

SWEM	B	2010	8	4	2	27	20.00	66.2500	-38.7500	10.0	0.0	4.9	EASTERNGREENLAND	201008040227A

SWEQ	C	2010	8	19	16	0	40.00	69.0000	-51.0000	10.0	0.0	4.9	WESTERNGREENLAND	201008191600A

SWEM	C	2010	9	5	11	56	56.00	73.0000	-55.0000	10.0	0.0	4.8	WESTERNGREENLAND	201009051156A

SWEQ	C	2010	9	9	15	23	4.00	73.0000	-51.0000	10.0	0.0	4.6	WESTERNGREENLAND	201009091523A

SWEM	C	2010	10	10	3	13	4.00	72.2500	-53.7500	10.0	0.0	4.9	WESTERNGREENLAND	201010100313A

SWEM	B	2010	10	24	13	13	36.00	76.2500	-63.2500	10.0	0.0	4.9	WESTERNGREENLAND	201010241313A

SWEM	C	2010	10	27	1	44	16.00	71.7500	-51.7500	10.0	0.0	4.8	WESTERNGREENLAND	201010270144A

SWEM	C	2010	11	7	8	18	40.00	73.0000	-55.0000	10.0	0.0	4.8	WESTERNGREENLAND	201011070818A

SWEM	B	2010	11	22	13	15	52.00	68.2500	-33.7500	10.0	0.0	4.7	EASTERNGREENLAND	201011221315A

SWEQ	E	2010	11	24	12	58	0.00	69.5000	-33.5000	10.0	0.0	4.7	EASTERNGREENLAND	201011241258A

SWEM	A	2010	11	24	20	51	20.00	75.2500	-58.2500	10.0	0.0	4.8	WESTERNGREENLAND	201011242050A

SWEQ	C	2010	12	5	17	40	56.00	66.5000	-39.5000	10.0	0.0	4.8	EASTERNGREENLAND	201012051740A

SWEM	C	2010	12	14	23	49	12.00	68.2500	-33.7500	10.0	0.0	4.9	EASTERNGREENLAND	201012142349A

SWEM	B	2010	12	29	0	56	40.00	73.2500	-56.2500	10.0	0.0	4.8	WESTERNGREENLAND	201012290056A

SWEM	B	2011	1	2	4	47	44.00	72.2500	-54.2500	10.0	0.0	4.8	WESTERNGREENLAND	201101020447A

SWEM	C	2011	1	5	21	5	20.00	69.2500	-32.7500	10.0	0.0	4.9	EASTERNGREENLAND	201101052105A

SWEM	A	2011	1	6	12	16	8.00	73.2500	-54.7500	10.0	0.0	4.8	WESTERNGREENLAND	201101061216A

SWEM	B	2011	1	14	3	29	44.00	75.5000	-60.5000	10.0	0.0	4.9	BAFFINBAY	201101140329A

SWEM	B	2011	1	21	8	32	0.00	69.5000	-50.5000	10.0	0.0	4.8	WESTERNGREENLAND	201101210832A

SWEM	B	2011	3	8	6	52	48.00	65.7500	-40.2500	10.0	0.0	4.8	WESTERNGREENLAND	201103080652A

SWEM	A	2011	3	24	7	48	0.00	75.7500	-60.2500	10.0	0.0	4.9	BAFFINBAY	201103240748A

SWEM	A	2011	4	1	5	45	20.00	73.0000	-55.0000	10.0	0.0	5.0	WESTERNGREENLAND	201104010545A

SWEM	B	2011	5	26	20	13	12.00	72.7500	-53.7500	10.0	0.0	4.7	WESTERNGREENLAND	201105262013A

SWEQ	C	2011	6	21	14	9	28.00	66.7500	-36.7500	10.0	0.0	4.8	EASTERNGREENLAND	201106211409A

SWEM	C	2011	6	22	15	17	4.00	73.0000	-49.0000	10.0	0.0	4.9	WESTERNGREENLAND	201106221517A

SWEM	B	2011	6	25	13	17	28.00	66.5000	-38.5000	10.0	0.0	4.7	EASTERNGREENLAND	201106251317A

SWEQ	C	2011	6	26	10	31	28.00	69.5000	-49.5000	10.0	0.0	4.7	WESTERNGREENLAND	201106261031A

SWEM	B	2011	6	26	17	53	28.00	76.2500	-60.2500	10.0	0.0	4.9	WESTERNGREENLAND	201106261753A

SWEM	C	2011	6	29	1	50	16.00	74.7500	-56.2500	10.0	0.0	4.7	WESTERNGREENLAND	201106290150A

SWEM	B	2011	7	12	21	1	20.00	69.7500	-52.7500	10.0	0.0	5.0	WESTERNGREENLAND	201107122101A

SWEQ	C	2011	7	19	14	42	48.00	77.5000	-66.5000	10.0	0.0	4.7	WESTERNGREENLAND	201107191442A

SWEM	A	2011	7	21	4	25	44.00	73.2500	-54.2500	10.0	0.0	5.0	WESTERNGREENLAND	201107210424A

SWEQ	C	2011	7	21	4	43	36.00	72.7500	-55.2500	10.0	0.0	4.7	WESTERNGREENLAND	201107210443A

SWEM	E	2011	7	27	15	14	32.00	74.5000	-54.5000	10.0	0.0	4.8	WESTERNGREENLAND	201107271514B

SWEM	C	2011	8	4	9	5	4.00	73.2500	-53.2500	10.0	0.0	4.8	WESTERNGREENLAND	201108040905A

SWEM	B	2011	8	6	23	10	40.00	72.5000	-51.5000	10.0	0.0	4.7	WESTERNGREENLAND	201108062310A

SWEM	A	2011	8	10	7	32	24.00	73.5000	-56.5000	10.0	0.0	4.9	WESTERNGREENLAND	201108100732A

SWEM	C	2011	8	18	12	32	0.00	69.0000	-51.0000	10.0	0.0	4.7	WESTERNGREENLAND	201108181231A

SWEM	A	2011	8	26	18	20	48.00	76.2500	-60.7500	10.0	0.0	5.0	WESTERNGREENLAND	201108261820A

SWEM	C	2011	8	26	18	31	20.00	76.7500	-60.7500	10.0	0.0	4.8	WESTERNGREENLAND	201108261831A

SWEM	C	2011	9	14	23	20	40.00	71.0000	-51.0000	10.0	0.0	4.7	WESTERNGREENLAND	201109142320A

SWEM	C	2011	9	19	13	51	44.00	68.0000	-34.0000	10.0	0.0	4.7	EASTERNGREENLAND	201109191351A

SWEQ	C	2011	10	10	16	22	8.00	73.5000	-55.5000	10.0	0.0	4.8	WESTERNGREENLAND	201110101622A

SWEM	C	2011	10	21	7	26	40.00	75.7500	-58.2500	10.0	0.0	4.7	WESTERNGREENLAND	201110210726A

SWEM	A	2011	10	27	9	39	28.00	73.2500	-54.2500	10.0	0.0	4.9	WESTERNGREENLAND	201110270939A

SWEM	A	2011	11	24	2	21	12.00	76.0000	-62.0000	10.0	0.0	4.9	WESTERNGREENLAND	201111240221A

SWEM	B	2011	11	30	9	58	0.00	73.2500	-56.7500	10.0	0.0	4.9	WESTERNGREENLAND	201111300957A

SWEQ	B	2011	12	4	4	1	28.00	66.2500	-38.7500	10.0	0.0	4.7	EASTERNGREENLAND	201112040401A

SWEQ	C	2011	12	5	7	25	36.00	68.2500	-33.2500	10.0	0.0	4.7	EASTERNGREENLAND	201112050725A

SWEQ	C	2011	12	7	22	8	56.00	73.0000	-59.0000	10.0	0.0	4.8	BAFFINBAY	201112072208A

SWEM	B	2011	12	21	15	40	8.00	69.2500	-49.7500	10.0	0.0	4.8	WESTERNGREENLAND	201112211540A

SWEQ	A	2011	12	28	16	16	32.00	65.2500	-39.7500	10.0	0.0	4.8	EASTERNGREENLAND	201112281616A

SWEM	C	2012	1	3	11	11	28.00	72.7500	-54.7500	10.0	0.0	5.0	WESTERNGREENLAND	201201031111A

SWEM	A	2012	1	17	1	54	24.00	66.7500	-37.2500	10.0	0.0	4.8	EASTERNGREENLAND	201201170154A

SWEM	C	2012	1	20	4	37	20.00	65.5000	-39.5000	10.0	0.0	4.7	EASTERNGREENLAND	201201200437A

SWEM	C	2012	1	29	11	10	0.00	72.7500	-59.2500	10.0	0.0	4.9	BAFFINBAY	201201291110A

SWEQ	C	2012	2	12	13	44	32.00	69.0000	-49.0000	10.0	0.0	4.7	WESTERNGREENLAND	201202121344A

SWEM	C	2012	2	12	16	16	32.00	69.2500	-48.7500	10.0	0.0	4.7	WESTERNGREENLAND	201202121616A

SWEM	B	2012	3	18	18	21	36.00	75.5000	-58.5000	10.0	0.0	4.8	WESTERNGREENLAND	201203181821A

SWEQ	B	2012	3	31	8	55	44.00	73.2500	-54.7500	10.0	0.0	4.8	WESTERNGREENLAND	201203310855A

SWEM	A	2012	4	9	10	11	28.00	66.2500	-38.2500	10.0	0.0	4.9	EASTERNGREENLAND	201204091011A

SWEM	C	2012	4	14	1	48	48.00	65.7500	-38.2500	10.0	0.0	4.7	EASTERNGREENLAND	201204140148A

SWEM	A	2012	4	24	4	46	24.00	75.7500	-59.2500	10.0	0.0	5.0	WESTERNGREENLAND	201204240446A

SWEM	E	2012	5	3	8	27	44.00	73.2500	-53.7500	10.0	0.0	4.7	WESTERNGREENLAND	201205030827A

SWEM	B	2012	6	15	9	16	0.00	73.7500	-60.2500	10.0	0.0	4.9	BAFFINBAY	201206150916A

SWEQ	C	2012	6	26	3	2	8.00	69.5000	-48.5000	10.0	0.0	4.7	WESTERNGREENLAND	201206260302A

SWEQ	C	2012	6	30	14	44	8.00	73.2500	-54.7500	10.0	0.0	4.8	WESTERNGREENLAND	201206301444A

SWEQ	E	2012	7	7	20	37	36.00	66.7500	-37.7500	10.0	0.0	4.7	EASTERNGREENLAND	201207072037B

SWEM	B	2012	7	7	20	44	16.00	65.7500	-38.2500	10.0	0.0	4.8	EASTERNGREENLAND	201207072044A

SWEM	B	2012	7	8	20	21	52.00	69.7500	-49.7500	10.0	0.0	4.8	WESTERNGREENLAND	201207082022A

SWEM	B	2012	7	8	20	46	24.00	68.7500	-50.7500	10.0	0.0	4.7	WESTERNGREENLAND	201207082046A

SWEQ	C	2012	7	8	21	5	12.00	69.7500	-51.2500	10.0	0.0	4.7	WESTERNGREENLAND	201207082105B

SWEM	A	2012	7	18	1	26	56.00	73.2500	-54.7500	10.0	0.0	5.0	WESTERNGREENLAND	201207180126A

SWEM	C	2012	7	20	18	1	20.00	77.5000	-66.5000	10.0	0.0	4.7	WESTERNGREENLAND	201207201801B

SWEQ	C	2012	7	25	5	3	20.00	66.5000	-39.5000	10.0	0.0	4.8	EASTERNGREENLAND	201207250503A

SWEM	A	2012	7	31	9	30	8.00	76.5000	-62.5000	10.0	0.0	4.8	WESTERNGREENLAND	201207310930A

SWEQ	C	2012	8	2	23	10	24.00	69.0000	-51.0000	10.0	0.0	4.8	WESTERNGREENLAND	201208022310A

SWEM	B	2012	8	5	0	23	12.00	75.7500	-59.7500	10.0	0.0	4.8	WESTERNGREENLAND	201208050023A

SWEM	C	2012	8	8	0	54	16.00	73.5000	-55.5000	10.0	0.0	4.9	WESTERNGREENLAND	201208080054A

SWEM	B	2012	8	11	3	27	28.00	73.2500	-54.7500	10.0	0.0	4.8	WESTERNGREENLAND	201208110327A

SWEQ	B	2012	8	11	3	44	16.00	73.7500	-57.2500	10.0	0.0	4.6	BAFFINBAY	201208110344A

SWEQ	C	2012	8	12	16	21	36.00	71.0000	-51.0000	10.0	0.0	4.8	WESTERNGREENLAND	201208121621A

SWEM	B	2012	8	19	6	32	8.00	72.7500	-55.7500	10.0	0.0	5.0	WESTERNGREENLAND	201208190632A

SWEQ	C	2012	8	23	18	56	48.00	66.5000	-39.5000	10.0	0.0	4.6	EASTERNGREENLAND	201208231856A

SWEM	A	2012	8	23	19	19	52.00	66.7500	-37.2500	10.0	0.0	5.0	EASTERNGREENLAND	201208231919A

SWEM	C	2012	8	24	4	1	12.00	77.5000	-67.5000	10.0	0.0	4.7	WESTERNGREENLAND	201208240401B

SWEM	A	2012	9	2	8	20	16.00	68.7500	-50.2500	10.0	0.0	5.0	WESTERNGREENLAND	201209020820B

SWEM	C	2012	9	7	9	15	28.00	69.2500	-50.2500	10.0	0.0	4.8	WESTERNGREENLAND	201209070915A

SWEQ	E	2012	9	22	14	46	56.00	68.7500	-48.7500	10.0	0.0	4.7	WESTERNGREENLAND	201209221446A

SWEM	C	2012	9	24	12	53	28.00	69.2500	-50.2500	10.0	0.0	4.8	WESTERNGREENLAND	201209241253A

SWEM	A	2012	9	27	18	29	28.00	66.2500	-38.7500	10.0	0.0	4.8	EASTERNGREENLAND	201209271829A

SWEM	A	2012	9	27	23	47	28.00	67.2500	-38.2500	10.0	0.0	5.0	EASTERNGREENLAND	201209272347A

SWEQ	C	2012	10	11	19	31	36.00	70.5000	-55.5000	10.0	0.0	5.0	BAFFINBAY	201210111931A

SWEQ	C	2012	10	26	19	5	4.00	64.7500	-41.7500	10.0	0.0	4.7	WESTERNGREENLAND	201210261905A

SWEM	B	2012	11	4	4	9	52.00	74.5000	-55.5000	10.0	0.0	4.8	WESTERNGREENLAND	201211040409A

SWEM	A	2012	11	7	7	15	28.00	72.2500	-53.2500	10.0	0.0	4.8	WESTERNGREENLAND	201211070715A

SWEQ	C	2012	11	21	1	53	52.00	77.2500	-65.7500	10.0	0.0	4.7	WESTERNGREENLAND	201211210153A

SWEM	A	2012	11	24	16	6	16.00	69.2500	-50.2500	10.0	0.0	5.0	WESTERNGREENLAND	201211241606A

SWEM	B	2012	12	5	16	27	4.00	68.2500	-34.7500	10.0	0.0	4.8	EASTERNGREENLAND	201212051626A

SWEM	C	2012	12	15	2	38	24.00	69.2500	-34.7500	10.0	0.0	4.7	EASTERNGREENLAND	201212150238A

SWEM	B	2012	12	25	10	21	44.00	72.2500	-52.2500	10.0	0.0	4.8	WESTERNGREENLAND	201212251021B

SWEM	C	2013	1	1	10	13	20.00	74.5000	-57.5000	10.0	0.0	4.8	WESTERNGREENLAND	201301011013B

SWEM	A	2013	1	12	9	17	28.00	68.7500	-49.2500	10.0	0.0	5.0	WESTERNGREENLAND	201301120917A

SWEQ	C	2013	1	23	9	53	28.00	74.2500	-55.7500	10.0	0.0	4.8	WESTERNGREENLAND	201301230953A

SWEQ	B	2013	2	21	11	13	12.00	72.5000	-53.5000	10.0	0.0	4.8	WESTERNGREENLAND	201302211113A

SWEM	A	2013	3	4	11	41	28.00	66.7500	-37.7500	10.0	0.0	5.0	EASTERNGREENLAND	201303041141A

SWEM	B	2013	3	14	3	46	56.00	65.7500	-38.7500	10.0	0.0	4.8	EASTERNGREENLAND	201303140346A

SWEM	A	2013	3	29	9	5	52.00	69.2500	-49.7500	10.0	0.0	4.8	WESTERNGREENLAND	201303290905B

SWEQ	B	2013	4	3	3	8	0.00	73.2500	-54.7500	10.0	0.0	4.8	WESTERNGREENLAND	201304030308A

SWEM	C	2013	4	6	2	58	48.00	69.5000	-50.5000	10.0	0.0	4.8	WESTERNGREENLAND	201304060258A

SWEM	B	2013	4	8	23	38	16.00	77.7500	-68.2500	10.0	0.0	4.8	WESTERNGREENLAND	201304082338B

SWEQ	C	2013	4	13	11	40	0.00	65.2500	-36.2500	10.0	0.0	4.7	EASTERNGREENLAND	201304131140A

SWEQ	C	2013	4	27	13	48	40.00	67.2500	-37.7500	10.0	0.0	4.6	EASTERNGREENLAND	201304271348A

SWEM	C	2013	4	28	7	26	24.00	66.5000	-38.5000	10.0	0.0	4.7	EASTERNGREENLAND	201304280726A

SWEM	A	2013	5	23	12	45	36.00	69.0000	-51.0000	10.0	0.0	4.8	WESTERNGREENLAND	201305231245A

SWEM	A	2013	6	14	17	16	48.00	75.7500	-57.7500	10.0	0.0	4.8	WESTERNGREENLAND	201306141716A

SWEM	A	2013	6	17	3	49	28.00	69.2500	-49.7500	10.0	0.0	4.9	WESTERNGREENLAND	201306170349A

SWEM	B	2013	6	21	6	30	40.00	68.7500	-49.2500	10.0	0.0	4.7	WESTERNGREENLAND	201306210630A

SWEM	A	2013	6	23	14	35	4.00	66.2500	-38.2500	10.0	0.0	4.9	EASTERNGREENLAND	201306231435A

SWEQ	C	2013	6	24	17	50	0.00	68.7500	-50.2500	10.0	0.0	4.7	WESTERNGREENLAND	201306241750A

SWEM	A	2013	6	27	20	11	36.00	68.7500	-49.7500	10.0	0.0	4.9	WESTERNGREENLAND	201306272011A

SWEM	A	2013	7	1	2	2	40.00	75.5000	-59.5000	10.0	0.0	4.9	WESTERNGREENLAND	201307010202A

SWEM	C	2013	7	1	4	5	28.00	69.5000	-49.5000	10.0	0.0	4.8	WESTERNGREENLAND	201307010405A

SWEM	A	2013	7	3	8	19	36.00	69.2500	-48.7500	10.0	0.0	4.9	WESTERNGREENLAND	201307030819A

SWEQ	C	2013	7	4	2	9	28.00	69.5000	-48.5000	10.0	0.0	4.8	WESTERNGREENLAND	201307040209A

SWEM	A	2013	7	16	23	41	20.00	69.0000	-51.0000	10.0	0.0	5.1	WESTERNGREENLAND	201307162341B

SWEM	B	2013	7	25	3	13	28.00	66.2500	-37.7500	10.0	0.0	4.8	EASTERNGREENLAND	201307250313A

SWEM	A	2013	7	25	12	56	32.00	66.5000	-38.5000	10.0	0.0	4.9	EASTERNGREENLAND	201307251256A

SWEM	B	2013	7	30	20	1	28.00	66.2500	-38.2500	10.0	0.0	4.8	EASTERNGREENLAND	201307302001A

SWEM	B	2013	7	31	14	59	28.00	65.5000	-41.5000	10.0	0.0	4.7	WESTERNGREENLAND	201307311459A

SWEM	C	2013	7	31	19	21	12.00	66.7500	-38.7500	10.0	0.0	4.7	EASTERNGREENLAND	201307311921A

SWEM	C	2013	8	4	22	5	12.00	71.0000	-51.0000	10.0	0.0	4.8	WESTERNGREENLAND	201308042205A

SWEM	C	2013	8	4	23	0	48.00	71.5000	-58.5000	10.0	0.0	4.9	WESTERNGREENLAND	201308042259A

SWEQ	C	2013	8	6	17	39	28.00	77.5000	-67.5000	10.0	0.0	5.1	WESTERNGREENLAND	201308061739A

SWEQ	C	2013	8	8	6	49	52.00	65.5000	-38.5000	10.0	0.0	4.7	EASTERNGREENLAND	201308080649A

SWEQ	B	2013	8	9	15	16	56.00	69.2500	-49.2500	10.0	0.0	4.7	WESTERNGREENLAND	201308091516A

SWEM	B	2013	8	11	11	26	0.00	69.2500	-48.7500	10.0	0.0	5.0	WESTERNGREENLAND	201308111126A

SWEM	B	2013	8	11	11	49	44.00	69.0000	-49.0000	10.0	0.0	4.8	WESTERNGREENLAND	201308111149A

SWEM	A	2013	8	14	23	41	36.00	67.2500	-37.7500	10.0	0.0	4.8	EASTERNGREENLAND	201308142341A

SWEQ	C	2013	8	14	23	50	32.00	65.7500	-38.7500	10.0	0.0	4.7	EASTERNGREENLAND	201308142350A

SWEM	A	2013	8	19	12	16	56.00	73.0000	-55.0000	10.0	0.0	4.9	WESTERNGREENLAND	201308191217A

SWEM	E	2013	8	24	7	25	52.00	75.0000	-57.0000	10.0	0.0	4.9	WESTERNGREENLAND	201308240725A

SWEM	C	2013	9	9	9	0	0.00	70.5000	-48.5000	10.0	0.0	4.8	WESTERNGREENLAND	201309090859A

SWEM	C	2013	9	10	18	59	28.00	69.2500	-47.7500	10.0	0.0	4.8	WESTERNGREENLAND	201309101859A

SWEM	A	2013	9	11	3	4	16.00	68.0000	-50.0000	10.0	0.0	5.0	WESTERNGREENLAND	201309110304A

SWEM	C	2013	9	15	14	8	32.00	75.0000	-49.0000	10.0	0.0	4.9	WESTERNGREENLAND	201309151408A

SWEM	A	2013	9	19	10	34	40.00	74.5000	-55.5000	10.0	0.0	4.7	WESTERNGREENLAND	201309191034B

SWEM	B	2013	9	29	14	37	12.00	75.7500	-62.2500	10.0	0.0	4.8	BAFFINBAY	201309291437A

SWEM	A	2013	10	3	3	35	4.00	75.7500	-59.7500	10.0	0.0	4.9	WESTERNGREENLAND	201310030335A

SWEM	A	2013	10	5	23	28	56.00	76.2500	-59.7500	10.0	0.0	4.9	BAFFINBAY	201310052328A

SWEQ	C	2013	10	7	18	16	8.00	75.5000	-62.5000	10.0	0.0	4.7	BAFFINBAY	201310071816B

SWEM	C	2013	10	14	2	3	28.00	72.0000	-54.0000	10.0	0.0	5.0	WESTERNGREENLAND	201310140203A

SWEQ	E	2013	11	7	11	2	0.00	73.0000	-55.0000	10.0	0.0	4.9	WESTERNGREENLAND	201311071102A

SWEQ	B	2013	11	22	7	26	16.00	69.2500	-49.7500	10.0	0.0	4.9	WESTERNGREENLAND	201311220726A

SWEM	B	2013	11	23	22	11	20.00	74.7500	-57.2500	10.0	0.0	4.7	WESTERNGREENLAND	201311232211A

SWEQ	C	2013	11	24	4	41	28.00	65.0000	-37.0000	10.0	0.0	4.7	EASTERNGREENLAND	201311240441A

SWEM	B	2013	12	5	9	54	16.00	68.7500	-49.7500	10.0	0.0	4.8	WESTERNGREENLAND	201312050954A

SWEM	A	2013	12	27	10	4	16.00	75.5000	-64.5000	10.0	0.0	4.9	BAFFINBAY	201312271003A

SWEM	B	2014	1	6	13	32	32.00	69.0000	-33.0000	10.0	0.0	4.8	EASTERNGREENLAND	201401061332A

SWEM	C	2014	1	25	18	34	32.00	76.5000	-47.5000	10.0	0.0	5.0	WESTERNGREENLAND	201401251834A

SWEM	A	2014	2	10	13	58	56.00	69.0000	-49.0000	10.0	0.0	5.0	WESTERNGREENLAND	201402101359A

SWEM	B	2014	2	21	22	33	44.00	65.7500	-40.2500	10.0	0.0	4.8	WESTERNGREENLAND	201402212233A

SWEQ	C	2014	3	9	5	43	20.00	71.5000	-56.5000	10.0	0.0	4.8	BAFFINBAY	201403090543B

SWEM	C	2014	3	22	23	16	8.00	65.5000	-42.5000	10.0	0.0	4.7	WESTERNGREENLAND	201403222316A

SWEM	A	2014	3	26	9	52	16.00	69.0000	-49.0000	10.0	0.0	5.1	WESTERNGREENLAND	201403260952A

SWEM	B	2014	4	1	5	50	32.00	73.0000	-55.0000	10.0	0.0	4.9	WESTERNGREENLAND	201404010550A

SWEM	A	2014	4	5	23	8	24.00	75.7500	-60.7500	10.0	0.0	4.9	BAFFINBAY	201404052308A

SWEM	B	2014	4	20	20	42	24.00	77.5000	-64.5000	10.0	0.0	4.7	WESTERNGREENLAND	201404202042C

SWEM	A	2014	4	27	1	1	20.00	72.5000	-52.5000	10.0	0.0	4.8	WESTERNGREENLAND	201404270101A

SWEM	A	2014	4	30	18	24	40.00	66.2500	-39.2500	10.0	0.0	4.9	EASTERNGREENLAND	201404301824A

SWEM	B	2014	5	1	18	44	48.00	65.7500	-40.7500	10.0	0.0	4.8	WESTERNGREENLAND	201405011844A

SWEM	C	2014	5	3	4	51	20.00	76.5000	-65.5000	10.0	0.0	4.8	WESTERNGREENLAND	201405030451B

SWEM	C	2014	5	14	13	30	48.00	72.7500	-54.7500	10.0	0.0	4.8	WESTERNGREENLAND	201405141330A

SWEM	B	2014	5	15	16	36	48.00	68.7500	-49.2500	10.0	0.0	4.7	WESTERNGREENLAND	201405151636A

SWEM	B	2014	5	15	19	36	8.00	68.7500	-49.2500	10.0	0.0	4.8	WESTERNGREENLAND	201405151936A

SWEM	A	2014	5	25	5	55	28.00	65.7500	-37.7500	10.0	0.0	4.7	EASTERNGREENLAND	201405250555A

SWEM	A	2014	5	25	17	12	16.00	69.2500	-49.7500	10.0	0.0	4.9	WESTERNGREENLAND	201405251712A

SWEM	B	2014	5	25	17	16	40.00	69.2500	-49.7500	10.0	0.0	4.8	WESTERNGREENLAND	201405251716B

SWEM	C	2014	5	27	10	30	8.00	69.7500	-48.2500	10.0	0.0	4.9	WESTERNGREENLAND	201405271030A

SWEM	C	2014	6	2	18	55	20.00	68.0000	-50.0000	10.0	0.0	4.7	WESTERNGREENLAND	201406021855A

SWEM	A	2014	6	5	8	32	8.00	69.5000	-48.5000	10.0	0.0	5.1	WESTERNGREENLAND	201406050832A

SWEM	B	2014	6	11	20	51	4.00	66.7500	-38.2500	10.0	0.0	4.7	EASTERNGREENLAND	201406112051A

SWEM	A	2014	6	13	5	12	0.00	68.7500	-50.2500	10.0	0.0	4.9	WESTERNGREENLAND	201406130512A

SWEM	A	2014	6	19	16	37	28.00	69.0000	-49.0000	10.0	0.0	4.9	WESTERNGREENLAND	201406191637A

SWEM	A	2014	6	29	2	18	0.00	67.5000	-37.5000	10.0	0.0	4.8	EASTERNGREENLAND	201406290218A

SWEM	A	2014	6	29	3	54	32.00	69.5000	-50.5000	10.0	0.0	5.0	WESTERNGREENLAND	201406290354A

SWEQ	B	2014	7	7	6	40	56.00	75.2500	-56.2500	10.0	0.0	4.8	WESTERNGREENLAND	201407070640A

SWEM	A	2014	7	19	19	18	0.00	66.2500	-39.2500	10.0	0.0	4.8	EASTERNGREENLAND	201407191918A

SWEM	A	2014	7	23	11	37	12.00	69.2500	-47.7500	10.0	0.0	4.7	WESTERNGREENLAND	201407231137B

SWEM	A	2014	7	24	16	10	56.00	69.0000	-51.0000	10.0	0.0	4.8	WESTERNGREENLAND	201407241611A

SWEM	A	2014	7	24	21	10	16.00	69.0000	-49.0000	10.0	0.0	5.1	WESTERNGREENLAND	201407242110A

SWEQ	C	2014	7	28	18	5	20.00	72.2500	-52.2500	10.0	0.0	4.7	WESTERNGREENLAND	201407281805A

SWEQ	C	2014	8	2	5	48	0.00	72.5000	-29.5000	10.0	0.0	4.8	EASTERNGREENLAND	201408020548A

SWEM	B	2014	8	5	13	50	0.00	71.7500	-53.7500	10.0	0.0	4.8	WESTERNGREENLAND	201408051350A

SWEM	A	2014	8	12	6	42	16.00	65.7500	-38.2500	10.0	0.0	4.8	EASTERNGREENLAND	201408120642B

SWEM	C	2014	8	13	2	6	40.00	73.5000	-55.5000	10.0	0.0	4.9	WESTERNGREENLAND	201408130207A

SWEM	A	2014	8	19	7	23	36.00	66.7500	-38.7500	10.0	0.0	4.7	EASTERNGREENLAND	201408190723A

SWEM	E	2014	8	19	23	2	8.00	69.5000	-48.5000	10.0	0.0	4.7	WESTERNGREENLAND	201408192302A

SWEM	A	2014	8	19	23	10	56.00	70.5000	-48.5000	10.0	0.0	5.1	WESTERNGREENLAND	201408192310A

SWEM	B	2014	8	21	3	44	40.00	68.7500	-49.7500	10.0	0.0	5.1	WESTERNGREENLAND	201408210344A

SWEM	C	2014	8	29	15	44	24.00	73.0000	-55.0000	10.0	0.0	4.8	WESTERNGREENLAND	201408291544A

SWEM	E	2014	9	7	12	11	36.00	69.0000	-51.0000	10.0	0.0	4.8	WESTERNGREENLAND	201409071211A

SWEQ	C	2014	9	10	13	26	0.00	70.5000	-48.5000	10.0	0.0	4.9	WESTERNGREENLAND	201409101326A

SWEM	A	2014	9	13	16	48	0.00	69.2500	-50.2500	10.0	0.0	5.2	WESTERNGREENLAND	201409131648A

SWEQ	C	2014	9	13	18	1	52.00	69.2500	-49.7500	10.0	0.0	4.8	WESTERNGREENLAND	201409131801A

SWEM	B	2014	9	18	5	59	28.00	66.7500	-39.2500	10.0	0.0	4.8	EASTERNGREENLAND	201409180559A

SWEM	A	2014	9	18	12	40	48.00	66.2500	-38.7500	10.0	0.0	5.0	EASTERNGREENLAND	201409181240A

SWEM	B	2014	9	18	15	50	8.00	66.2500	-38.2500	10.0	0.0	4.8	EASTERNGREENLAND	201409181550A

SWEM	A	2014	10	7	23	42	16.00	76.2500	-60.7500	10.0	0.0	4.9	WESTERNGREENLAND	201410072342A

SWEM	C	2014	10	12	22	7	20.00	72.0000	-50.0000	10.0	0.0	4.8	WESTERNGREENLAND	201410122207A

SWEM	B	2014	10	22	15	54	8.00	75.2500	-60.2500	10.0	0.0	4.8	BAFFINBAY	201410221554A

SWEM	B	2014	10	22	19	51	20.00	66.2500	-40.7500	10.0	0.0	4.8	WESTERNGREENLAND	201410221951A

SWEM	C	2014	10	27	22	42	32.00	66.2500	-39.7500	10.0	0.0	4.7	EASTERNGREENLAND	201410272242A

SWEM	A	2014	11	6	16	38	24.00	66.7500	-38.2500	10.0	0.0	5.0	EASTERNGREENLAND	201411061638A

SWEM	B	2014	11	24	3	11	4.00	68.2500	-50.2500	10.0	0.0	4.8	WESTERNGREENLAND	201411240311B

SWEM	C	2014	12	6	15	9	28.00	66.5000	-40.5000	10.0	0.0	4.8	WESTERNGREENLAND	201412061509A

SWEM	A	2014	12	11	7	48	0.00	75.7500	-59.7500	10.0	0.0	5.0	WESTERNGREENLAND	201412110748A

SWEM	C	2014	12	19	12	5	12.00	71.2500	-52.2500	10.0	0.0	4.7	WESTERNGREENLAND	201412191205A

SWEM	C	2014	12	27	8	12	32.00	66.7500	-34.2500	10.0	0.0	4.7	EASTERNGREENLAND	201412270812A

SWEM	C	2015	1	16	3	46	8.00	67.0000	-37.0000	10.0	0.0	4.8	EASTERNGREENLAND	201501160346A

SWEM	A	2015	1	27	0	5	4.00	66.7500	-38.2500	10.0	0.0	4.9	EASTERNGREENLAND	201501270005A

SWEM	B	2015	2	8	23	42	0.00	65.2500	-39.7500	10.0	0.0	4.7	EASTERNGREENLAND	201502082342A

SWEM	B	2015	2	15	16	28	8.00	69.2500	-50.2500	10.0	0.0	4.9	WESTERNGREENLAND	201502151628A

SWEM	E	2015	2	15	16	33	20.00	68.5000	-49.5000	10.0	0.0	4.9	WESTERNGREENLAND	201502151633B

SWEM	B	2015	2	24	8	52	40.00	66.2500	-37.2500	10.0	0.0	4.8	EASTERNGREENLAND	201502240852A

SWEM	B	2015	3	5	22	21	12.00	72.7500	-54.2500	10.0	0.0	5.0	WESTERNGREENLAND	201503052221A

SWEM	C	2015	3	8	10	54	32.00	71.0000	-51.0000	10.0	0.0	4.8	WESTERNGREENLAND	201503081054A

SWEM	B	2015	4	4	14	1	36.00	72.7500	-54.7500	10.0	0.0	4.9	WESTERNGREENLAND	201504041401A

SWEM	A	2015	4	7	15	45	4.00	77.0000	-57.0000	10.0	0.0	4.9	WESTERNGREENLAND	201504071545A

SWEM	B	2015	4	25	23	53	4.00	65.7500	-38.2500	10.0	0.0	5.1	EASTERNGREENLAND	201504252353A

SWEM	B	2015	4	30	21	34	8.00	71.2500	-53.2500	10.0	0.0	4.8	WESTERNGREENLAND	201504302134A

SWEM	C	2015	5	1	5	58	0.00	67.2500	-39.7500	10.0	0.0	4.8	EASTERNGREENLAND	201505010558A

SWEM	C	2015	5	5	23	8	24.00	73.2500	-54.2500	10.0	0.0	4.9	WESTERNGREENLAND	201505052308A

SWEQ	E	2015	5	9	18	28	16.00	77.7500	-67.2500	10.0	0.0	4.7	WESTERNGREENLAND	201505091828A

SWEM	A	2015	5	28	9	9	4.00	69.2500	-49.7500	10.0	0.0	5.1	WESTERNGREENLAND	201505280908A

SWEM	A	2015	5	28	11	49	44.00	66.2500	-38.7500	10.0	0.0	4.8	EASTERNGREENLAND	201505281149A

SWEM	E	2015	6	12	18	44	0.00	75.7500	-62.2500	10.0	0.0	4.8	BAFFINBAY	201506121844A

SWEM	C	2015	6	18	1	6	56.00	69.5000	-48.5000	10.0	0.0	4.8	WESTERNGREENLAND	201506180106A

SWEM	A	2015	6	20	17	13	52.00	69.2500	-49.7500	10.0	0.0	5.1	WESTERNGREENLAND	201506201713A

SWEM	B	2015	6	22	3	26	0.00	68.7500	-49.7500	10.0	0.0	4.7	WESTERNGREENLAND	201506220326A

SWEM	B	2015	6	26	21	19	44.00	75.5000	-57.5000	10.0	0.0	4.7	WESTERNGREENLAND	201506262119A

SWEM	A	2015	6	26	21	26	32.00	76.5000	-61.5000	10.0	0.0	4.9	WESTERNGREENLAND	201506262126A

SWEM	B	2015	7	3	4	7	36.00	69.2500	-48.7500	10.0	0.0	5.3	WESTERNGREENLAND	201507030407A

SWEM	E	2015	7	3	5	34	0.00	69.2500	-48.2500	10.0	0.0	4.9	WESTERNGREENLAND	201507030534A

SWEM	B	2015	7	4	15	0	0.00	73.0000	-57.0000	10.0	0.0	4.9	BAFFINBAY	201507041500A

SWEM	C	2015	7	10	22	20	8.00	71.0000	-27.0000	10.0	0.0	4.8	EASTERNGREENLAND	201507102220A

SWEM	A	2015	7	13	8	53	4.00	68.7500	-49.7500	10.0	0.0	5.0	WESTERNGREENLAND	201507130853A

SWEM	A	2015	7	14	18	46	24.00	66.5000	-36.5000	10.0	0.0	4.8	EASTERNGREENLAND	201507141846A

SWEM	A	2015	7	15	3	19	36.00	66.7500	-38.7500	10.0	0.0	5.0	EASTERNGREENLAND	201507150319A

SWEM	B	2015	7	25	4	37	52.00	68.7500	-49.7500	10.0	0.0	5.0	WESTERNGREENLAND	201507250437A

SWEM	B	2015	7	26	6	24	56.00	71.7500	-56.2500	10.0	0.0	5.0	BAFFINBAY	201507260625A

SWEQ	C	2015	8	3	23	37	4.00	67.0000	-39.0000	10.0	0.0	4.7	EASTERNGREENLAND	201508032337A

SWEM	C	2015	8	15	11	57	44.00	69.7500	-49.2500	10.0	0.0	5.1	WESTERNGREENLAND	201508151157A

SWEM	B	2015	8	15	12	21	28.00	68.2500	-47.2500	10.0	0.0	5.1	WESTERNGREENLAND	201508151221A

SWEM	B	2015	8	15	19	58	16.00	75.7500	-59.7500	10.0	0.0	4.8	WESTERNGREENLAND	201508151958A

SWEM	B	2015	8	20	9	0	56.00	71.7500	-51.7500	10.0	0.0	4.8	WESTERNGREENLAND	201508200900A

SWEM	A	2015	8	22	19	48	56.00	66.7500	-38.2500	10.0	0.0	4.9	EASTERNGREENLAND	201508221948A

SWEM	C	2015	8	22	20	12	24.00	66.5000	-39.5000	10.0	0.0	4.7	EASTERNGREENLAND	201508222012A

SWEM	C	2015	8	25	11	33	44.00	69.0000	-33.0000	10.0	0.0	4.7	EASTERNGREENLAND	201508251133A

SWEM	B	2015	9	4	15	44	40.00	73.2500	-56.2500	10.0	0.0	4.9	WESTERNGREENLAND	201509041544B

SWEQ	C	2015	9	6	9	0	56.00	74.2500	-55.2500	10.0	0.0	4.7	WESTERNGREENLAND	201509060900A

SWEM	A	2015	9	13	21	8	56.00	71.2500	-51.2500	10.0	0.0	4.8	WESTERNGREENLAND	201509132108A

SWEQ	C	2015	9	16	18	35	28.00	72.2500	-51.2500	10.0	0.0	4.7	WESTERNGREENLAND	201509161835A

SWEQ	C	2015	10	2	5	51	4.00	72.0000	-54.0000	10.0	0.0	4.8	WESTERNGREENLAND	201510020551A

SWEM	A	2015	10	10	23	2	32.00	69.2500	-49.7500	10.0	0.0	5.0	WESTERNGREENLAND	201510102302A

SWEM	A	2015	10	10	23	7	20.00	69.2500	-49.7500	10.0	0.0	5.1	WESTERNGREENLAND	201510102307A

SWEM	B	2015	10	12	1	23	52.00	66.2500	-38.2500	10.0	0.0	4.8	EASTERNGREENLAND	201510120124B

SWEM	B	2015	11	23	18	32	48.00	73.0000	-55.0000	10.0	0.0	4.9	WESTERNGREENLAND	201511231832A

SWEM	A	2015	12	18	12	47	12.00	69.0000	-49.0000	10.0	0.0	4.9	WESTERNGREENLAND	201512181247A

SWEQ	C	2015	12	23	1	12	56.00	73.0000	-55.0000	10.0	0.0	4.8	WESTERNGREENLAND	201512230112A

SWEM	A	2016	1	9	6	10	16.00	72.0000	-54.0000	10.0	0.0	4.9	WESTERNGREENLAND	201601090610A

SWEM	A	2016	1	14	16	59	36.00	72.7500	-53.7500	10.0	0.0	5.0	WESTERNGREENLAND	201601141659A

SWEM	C	2016	1	17	18	51	52.00	73.5000	-55.5000	10.0	0.0	4.7	WESTERNGREENLAND	201601171851A

SWEM	A	2016	2	11	0	8	24.00	69.2500	-49.2500	10.0	0.0	4.9	WESTERNGREENLAND	201602110008A

SWEM	B	2016	2	12	18	46	56.00	69.2500	-49.2500	10.0	0.0	4.8	WESTERNGREENLAND	201602121846A

SWEM	B	2016	2	14	12	24	24.00	73.2500	-55.2500	10.0	0.0	4.8	WESTERNGREENLAND	201602141224B

SWEM	B	2016	3	2	6	43	28.00	69.2500	-49.2500	10.0	0.0	4.8	WESTERNGREENLAND	201603020643A

SWEM	B	2016	3	25	5	6	0.00	68.7500	-50.7500	10.0	0.0	4.7	WESTERNGREENLAND	201603250506A

SWEM	B	2016	3	29	19	59	52.00	73.5000	-54.5000	10.0	0.0	4.9	WESTERNGREENLAND	201603292000A

SWEM	B	2016	4	6	22	56	56.00	66.2500	-38.2500	10.0	0.0	4.7	EASTERNGREENLAND	201604062257A

SWEM	A	2016	4	10	22	10	56.00	68.7500	-50.7500	10.0	0.0	5.1	WESTERNGREENLAND	201604102210A

SWEM	C	2016	4	11	4	20	8.00	72.7500	-52.7500	10.0	0.0	4.7	WESTERNGREENLAND	201604110420A

SWEM	B	2016	4	19	14	11	36.00	68.7500	-49.2500	10.0	0.0	4.8	WESTERNGREENLAND	201604191411A

SWEM	A	2016	4	21	22	23	36.00	66.2500	-39.2500	10.0	0.0	4.7	EASTERNGREENLAND	201604212223A

SWEM	A	2016	5	13	3	25	44.00	69.5000	-49.5000	10.0	0.0	5.0	WESTERNGREENLAND	201605130325A

SWEM	E	2016	5	30	23	2	16.00	73.0000	-55.0000	10.0	0.0	4.8	WESTERNGREENLAND	201605302302A

SWEM	B	2016	6	2	16	50	24.00	71.7500	-54.2500	10.0	0.0	4.8	WESTERNGREENLAND	201606021650A

SWEM	C	2016	6	13	6	44	16.00	66.5000	-36.5000	10.0	0.0	4.7	EASTERNGREENLAND	201606130644B

SWEM	B	2016	6	16	9	52	48.00	65.7500	-38.7500	10.0	0.0	4.9	EASTERNGREENLAND	201606160952A

SWEM	B	2016	6	24	6	22	0.00	66.7500	-38.7500	10.0	0.0	4.8	EASTERNGREENLAND	201606240622A

SWEM	A	2016	6	26	6	50	56.00	69.2500	-50.2500	10.0	0.0	5.1	WESTERNGREENLAND	201606260650A

SWEQ	C	2016	7	7	13	30	8.00	73.0000	-55.0000	10.0	0.0	4.7	WESTERNGREENLAND	201607071330A

SWEM	B	2016	7	8	16	36	24.00	69.0000	-45.0000	10.0	0.0	4.8	WESTERNGREENLAND	201607081636A

SWEM	B	2016	7	11	7	16	48.00	66.5000	-37.5000	10.0	0.0	4.7	EASTERNGREENLAND	201607110716A

SWEM	B	2016	7	17	17	0	40.00	76.7500	-59.2500	10.0	0.0	4.7	WESTERNGREENLAND	201607171700A

SWEM	A	2016	7	20	9	51	44.00	73.0000	-55.0000	10.0	0.0	5.0	WESTERNGREENLAND	201607200951B

SWEM	B	2016	7	24	19	10	24.00	75.2500	-57.7500	10.0	0.0	4.7	WESTERNGREENLAND	201607241910A

SWEM	B	2016	7	27	13	6	56.00	67.2500	-39.7500	10.0	0.0	4.8	EASTERNGREENLAND	201607271306A

SWEM	B	2016	8	2	19	25	52.00	73.2500	-54.2500	10.0	0.0	4.7	WESTERNGREENLAND	201608021925A

SWEM	A	2016	8	11	18	11	36.00	69.2500	-48.7500	10.0	0.0	4.8	WESTERNGREENLAND	201608111811A

SWEM	A	2016	8	16	8	25	36.00	73.0000	-55.0000	10.0	0.0	4.9	WESTERNGREENLAND	201608160825A

SWEM	B	2016	8	29	3	49	28.00	75.5000	-59.5000	10.0	0.0	4.7	WESTERNGREENLAND	201608290349A

SWEM	B	2016	9	8	2	5	20.00	75.2500	-64.2500	10.0	0.0	4.8	BAFFINBAY	201609080205B

SWEM	A	2016	9	8	11	53	28.00	66.7500	-38.2500	10.0	0.0	5.0	EASTERNGREENLAND	201609081153A

SWEM	A	2016	9	12	2	18	48.00	76.7500	-61.7500	10.0	0.0	4.8	WESTERNGREENLAND	201609120218A

SWEM	A	2016	9	15	19	57	20.00	72.7500	-53.7500	10.0	0.0	4.9	WESTERNGREENLAND	201609151957A

SWEM	A	2016	10	5	2	22	0.00	75.7500	-58.2500	10.0	0.0	4.9	WESTERNGREENLAND	201610050221A

SWEQ	B	2016	10	5	5	9	28.00	73.0000	-55.0000	10.0	0.0	5.0	WESTERNGREENLAND	201610050509A

SWEM	B	2016	10	5	5	11	20.00	75.5000	-41.5000	10.0	0.0	4.9	WESTERNGREENLAND	201610050511A

SWEM	A	2016	10	19	7	56	16.00	67.2500	-38.2500	10.0	0.0	4.9	EASTERNGREENLAND	201610190756A

SWEM	C	2016	10	24	7	40	56.00	67.0000	-39.0000	10.0	0.0	4.8	EASTERNGREENLAND	201610240740A

SWEM	B	2016	11	5	12	36	8.00	65.7500	-39.7500	10.0	0.0	4.8	EASTERNGREENLAND	201611051236A

SWEM	A	2016	11	6	0	17	36.00	75.7500	-60.2500	10.0	0.0	5.0	BAFFINBAY	201611060017A

SWEM	B	2016	11	10	18	43	20.00	67.2500	-32.7500	10.0	0.0	4.8	EASTERNGREENLAND	201611101843A

SWEM	A	2016	11	11	4	34	16.00	73.2500	-55.7500	10.0	0.0	4.8	WESTERNGREENLAND	201611110434A

SWEQ	E	2016	11	15	18	45	12.00	73.2500	-56.2500	10.0	0.0	4.8	WESTERNGREENLAND	201611151845A

SWEM	B	2016	12	5	5	38	40.00	66.5000	-39.5000	10.0	0.0	4.8	EASTERNGREENLAND	201612050538A

SWEM	C	2016	12	5	9	41	44.00	72.5000	-54.5000	10.0	0.0	4.7	WESTERNGREENLAND	201612050941A

SWEM	B	2016	12	6	13	7	28.00	71.2500	-50.2500	10.0	0.0	4.8	WESTERNGREENLAND	201612061307A

SWEM	A	2016	12	19	13	54	56.00	65.7500	-38.7500	10.0	0.0	4.9	EASTERNGREENLAND	201612191354A

SWEM	C	2016	12	23	12	29	20.00	66.2500	-38.7500	10.0	0.0	4.9	EASTERNGREENLAND	201612231229A

SWEM	B	2016	12	30	15	35	12.00	73.2500	-55.7500	10.0	0.0	4.9	WESTERNGREENLAND	201612301535A

SWEM	E	2017	1	21	7	38	16.00	71.7500	-53.7500	10.0	0.0	4.9	WESTERNGREENLAND	201701210738A

SWEM	C	2017	2	7	16	2	32.00	65.5000	-41.5000	10.0	0.0	4.7	WESTERNGREENLAND	201702071602A

SWEM	E	2017	2	12	3	52	24.00	73.2500	-55.2500	10.0	0.0	4.7	WESTERNGREENLAND	201702120352A

SWEM	E	2017	2	14	19	8	56.00	65.7500	-41.2500	10.0	0.0	4.7	WESTERNGREENLAND	201702141908A

SWEM	B	2017	2	24	13	33	20.00	72.0000	-54.0000	10.0	0.0	4.8	WESTERNGREENLAND	201702241333A

SWEM	A	2017	3	8	8	6	40.00	75.5000	-61.5000	10.0	0.0	5.0	WESTERNGREENLAND	201703080806A

SWEM	A	2017	4	1	4	33	52.00	67.5000	-38.5000	10.0	0.0	4.9	EASTERNGREENLAND	201704010433A

SWEM	B	2017	4	4	6	53	44.00	76.2500	-59.7500	10.0	0.0	4.8	WESTERNGREENLAND	201704040653A

SWEM	C	2017	4	19	10	38	8.00	65.7500	-41.7500	10.0	0.0	4.7	WESTERNGREENLAND	201704191038A

SWEM	B	2017	4	27	7	9	20.00	65.7500	-40.2500	10.0	0.0	4.8	WESTERNGREENLAND	201704270709A

SWEM	A	2017	4	27	22	1	4.00	66.5000	-38.5000	10.0	0.0	4.9	EASTERNGREENLAND	201704272201B

SWEM	A	2017	4	27	22	8	40.00	66.5000	-38.5000	10.0	0.0	4.8	EASTERNGREENLAND	201704272208A

SWEM	B	2017	5	10	14	19	44.00	65.7500	-38.7500	10.0	0.0	4.8	EASTERNGREENLAND	201705101419A

SWEM	E	2017	5	18	3	58	56.00	68.7500	-50.2500	10.0	0.0	4.7	WESTERNGREENLAND	201705180358A

SWEM	A	2017	5	31	16	0	32.00	67.2500	-37.7500	10.0	0.0	4.8	EASTERNGREENLAND	201705311600A

SWEM	B	2017	6	3	23	39	12.00	69.2500	-47.7500	10.0	0.0	4.9	WESTERNGREENLAND	201706032339A

SWEM	A	2017	6	7	8	43	20.00	66.2500	-38.2500	10.0	0.0	4.9	EASTERNGREENLAND	201706070843A

SWEM	B	2017	6	13	1	3	52.00	72.5000	-53.5000	10.0	0.0	4.8	WESTERNGREENLAND	201706130103A

SWEM	B	2017	6	16	13	28	16.00	65.5000	-41.5000	10.0	0.0	4.8	WESTERNGREENLAND	201706161328A

SWEM	B	2017	6	30	5	6	40.00	69.7500	-51.2500	10.0	0.0	4.9	WESTERNGREENLAND	201706300506A

SWEM	A	2017	7	6	17	28	0.00	69.2500	-48.7500	10.0	0.0	4.9	WESTERNGREENLAND	201707061728A

SWEM	A	2017	8	1	1	8	8.00	66.2500	-38.2500	10.0	0.0	4.8	EASTERNGREENLAND	201708010108A

SWEM	B	2017	8	1	18	16	32.00	66.2500	-37.7500	10.0	0.0	4.8	EASTERNGREENLAND	201708011816A

SWEM	B	2017	8	9	11	58	48.00	69.2500	-50.7500	10.0	0.0	4.7	WESTERNGREENLAND	201708091158A

SWEQ	C	2017	8	9	12	22	48.00	69.2500	-50.2500	10.0	0.0	4.6	WESTERNGREENLAND	201708091222A

SWEQ	B	2017	8	16	2	55	36.00	75.7500	-59.7500	10.0	0.0	4.7	BAFFINBAY	201708160255A

SWEM	B	2017	8	16	3	49	20.00	73.5000	-55.5000	10.0	0.0	4.9	WESTERNGREENLAND	201708160349B

SWEM	B	2017	8	17	9	41	20.00	66.7500	-38.2500	10.0	0.0	4.7	EASTERNGREENLAND	201708170941A

SWEM	C	2017	8	28	16	39	52.00	70.5000	-45.5000	10.0	0.0	4.8	WESTERNGREENLAND	201708281639A

SWEQ	C	2017	9	4	0	39	4.00	75.2500	-59.7500	10.0	0.0	4.6	WESTERNGREENLAND	201709040039A

SWEM	C	2017	9	19	12	29	20.00	73.2500	-54.7500	10.0	0.0	4.7	WESTERNGREENLAND	201709191229B

SWEM	C	2017	9	25	13	1	12.00	72.0000	-54.0000	10.0	0.0	4.7	WESTERNGREENLAND	201709251301A

SWEM	B	2017	9	27	10	49	28.00	65.2500	-41.2500	10.0	0.0	4.8	WESTERNGREENLAND	201709271049A

SWEQ	C	2017	10	1	22	29	12.00	72.2500	-54.2500	10.0	0.0	4.8	WESTERNGREENLAND	201710012229A

SWEM	E	2017	10	16	13	2	24.00	69.0000	-33.0000	10.0	0.0	4.8	EASTERNGREENLAND	201710161302A

SWEM	B	2017	10	16	14	6	0.00	69.0000	-33.0000	10.0	0.0	4.8	EASTERNGREENLAND	201710161406A

SWEM	A	2017	10	16	16	21	28.00	76.2500	-58.7500	10.0	0.0	5.0	WESTERNGREENLAND	201710161621A

SWEM	C	2017	10	18	0	43	36.00	77.5000	-70.5000	10.0	0.0	4.7	WESTERNGREENLAND	201710180043A

SWEM	B	2017	10	19	23	10	40.00	69.2500	-34.2500	10.0	0.0	4.8	EASTERNGREENLAND	201710192310A

SWEQ	C	2017	11	9	5	18	0.00	68.7500	-32.7500	10.0	0.0	4.8	EASTERNGREENLAND	201711090518A

SWEM	C	2017	12	6	18	25	44.00	69.0000	-35.0000	10.0	0.0	4.7	EASTERNGREENLAND	201712061825B

SWEM	B	2017	12	10	10	19	20.00	73.0000	-55.0000	10.0	0.0	4.9	WESTERNGREENLAND	201712101019A

SWEM	C	2017	12	10	10	29	4.00	73.5000	-55.5000	10.0	0.0	4.7	WESTERNGREENLAND	201712101029A

SWEM	A	2017	12	17	2	15	52.00	76.2500	-59.7500	10.0	0.0	4.9	WESTERNGREENLAND	201712170215B

SWEM	B	2018	1	17	19	55	4.00	66.5000	-39.5000	10.0	0.0	4.8	EASTERNGREENLAND	201801171955A

SWEM	C	2018	2	11	18	51	44.00	76.5000	-61.5000	10.0	0.0	4.8	WESTERNGREENLAND	201802111851B

SWEM	A	2018	2	14	4	29	36.00	68.5000	-33.5000	10.0	0.0	4.9	EASTERNGREENLAND	201802140429A

SWEQ	C	2018	2	20	17	58	48.00	75.5000	-57.5000	10.0	0.0	4.7	WESTERNGREENLAND	201802201758A

SWEM	C	2018	3	7	17	39	4.00	72.5000	-53.5000	10.0	0.0	4.8	WESTERNGREENLAND	201803071739A

SWEQ	E	2018	3	15	3	48	0.00	67.2500	-36.7500	10.0	0.0	4.8	EASTERNGREENLAND	201803150348A

SWEQ	E	2018	3	15	7	18	24.00	67.0000	-37.0000	10.0	0.0	4.8	EASTERNGREENLAND	201803150718A

SWEM	A	2018	3	16	16	33	20.00	69.2500	-32.2500	10.0	0.0	5.0	EASTERNGREENLAND	201803161633A

SWEQ	C	2018	3	26	4	22	16.00	65.0000	-41.0000	10.0	0.0	4.7	WESTERNGREENLAND	201803260422A

SWEM	A	2018	4	1	18	53	12.00	68.7500	-32.7500	10.0	0.0	4.9	EASTERNGREENLAND	201804011853A

SWEM	B	2018	4	3	13	31	52.00	73.2500	-54.7500	10.0	0.0	4.8	WESTERNGREENLAND	201804031332A

SWEM	A	2018	4	21	2	50	56.00	71.7500	-51.2500	10.0	0.0	4.9	WESTERNGREENLAND	201804210250A

SWEM	A	2018	5	8	3	34	48.00	68.5000	-34.5000	10.0	0.0	4.9	EASTERNGREENLAND	201805080334A

SWEQ	C	2018	6	6	14	16	8.00	69.7500	-51.7500	10.0	0.0	4.7	WESTERNGREENLAND	201806061416A

SWEQ	C	2018	6	7	21	18	8.00	73.0000	-53.0000	10.0	0.0	4.7	WESTERNGREENLAND	201806072118A

SWEM	C	2018	6	19	4	23	28.00	69.5000	-48.5000	10.0	0.0	4.8	WESTERNGREENLAND	201806190423A

SWEQ	C	2018	6	19	7	35	52.00	68.5000	-33.5000	10.0	0.0	4.7	EASTERNGREENLAND	201806190735A

SWEM	C	2018	6	22	16	30	8.00	65.0000	-39.0000	10.0	0.0	4.7	EASTERNGREENLAND	201806221630A

SWEM	B	2018	7	1	13	31	44.00	75.2500	-57.7500	10.0	0.0	4.7	WESTERNGREENLAND	201807011331A

SWEQ	C	2018	7	2	1	50	32.00	69.2500	-49.7500	10.0	0.0	4.7	WESTERNGREENLAND	201807020150A

SWEQ	B	2018	7	2	21	44	8.00	69.2500	-50.2500	10.0	0.0	4.7	WESTERNGREENLAND	201807022144A

SWEM	B	2018	7	4	7	41	44.00	72.2500	-54.7500	10.0	0.0	4.9	WESTERNGREENLAND	201807040741A

SWEM	A	2018	7	15	20	32	56.00	70.5000	-27.5000	10.0	0.0	5.1	EASTERNGREENLAND	201807152032A

SWEQ	E	2018	7	16	22	3	4.00	67.2500	-37.7500	10.0	0.0	4.7	EASTERNGREENLAND	201807162203A

SWEQ	C	2018	7	19	3	3	12.00	69.0000	-51.0000	10.0	0.0	4.8	WESTERNGREENLAND	201807190303A

SWEM	A	2018	7	19	6	41	4.00	68.2500	-48.7500	10.0	0.0	4.8	WESTERNGREENLAND	201807190641A

SWEQ	C	2018	7	20	22	42	40.00	69.5000	-48.5000	10.0	0.0	4.7	WESTERNGREENLAND	201807202242A

SWEM	A	2018	7	26	3	51	20.00	69.2500	-49.7500	10.0	0.0	4.9	WESTERNGREENLAND	201807260351A

SWEM	B	2018	8	2	2	42	0.00	68.5000	-33.5000	10.0	0.0	4.8	EASTERNGREENLAND	201808020242A

SWEM	A	2018	8	4	20	28	32.00	73.2500	-55.7500	10.0	0.0	4.9	WESTERNGREENLAND	201808042028A

SWEM	E	2018	8	4	20	38	8.00	72.5000	-52.5000	10.0	0.0	4.7	WESTERNGREENLAND	201808042038A

SWEM	B	2018	8	10	10	34	0.00	70.2500	-49.2500	10.0	0.0	4.8	WESTERNGREENLAND	201808101034A

SWEM	B	2018	8	14	9	55	4.00	69.2500	-50.2500	10.0	0.0	4.8	WESTERNGREENLAND	201808140955A

SWEM	C	2018	8	23	18	56	16.00	75.7500	-67.2500	10.0	0.0	4.8	BAFFINBAY	201808231856A

SWEQ	C	2018	9	4	7	38	0.00	78.5000	-66.5000	10.0	0.0	4.6	WESTERNGREENLAND	201809040738A

SWEM	A	2018	9	6	6	44	16.00	75.2500	-59.2500	10.0	0.0	4.9	WESTERNGREENLAND	201809060644A

SWEM	A	2018	9	9	2	4	24.00	72.7500	-54.2500	10.0	0.0	4.9	WESTERNGREENLAND	201809090204A

SWEM	C	2018	9	12	9	9	52.00	71.5000	-27.5000	10.0	0.0	4.8	EASTERNGREENLAND	201809120909A

SWEQ	B	2018	9	17	17	26	40.00	66.2500	-33.2500	10.0	0.0	4.8	EASTERNGREENLAND	201809171726A

SWEQ	C	2018	9	30	18	36	56.00	66.7500	-36.7500	10.0	0.0	4.9	EASTERNGREENLAND	201809301836A

SWEQ	B	2018	9	30	22	56	24.00	66.2500	-38.7500	10.0	0.0	4.8	EASTERNGREENLAND	201809302256A

SWEM	A	2018	9	30	23	43	44.00	66.7500	-36.7500	10.0	0.0	4.9	EASTERNGREENLAND	201809302343A

SWEM	A	2018	10	4	10	9	20.00	71.5000	-27.5000	10.0	0.0	4.7	EASTERNGREENLAND	201810041009A

SWEM	C	2018	10	6	0	58	48.00	65.7500	-38.7500	10.0	0.0	4.7	EASTERNGREENLAND	201810060058A

SWEQ	C	2018	10	15	1	24	48.00	69.5000	-49.5000	10.0	0.0	4.9	WESTERNGREENLAND	201810150124A

SWEQ	C	2018	10	20	1	56	8.00	72.5000	-52.5000	10.0	0.0	4.7	WESTERNGREENLAND	201810200156A

SWEM	A	2018	10	25	3	10	56.00	65.7500	-40.2500	10.0	0.0	4.7	WESTERNGREENLAND	201810250310A

SWEM	B	2018	10	27	11	43	12.00	68.5000	-34.5000	10.0	0.0	4.8	EASTERNGREENLAND	201810271143A

SWEM	B	2018	10	31	12	12	0.00	74.7500	-58.2500	10.0	0.0	4.7	BAFFINBAY	201810311212A

SWEM	B	2018	11	1	12	35	12.00	66.5000	-38.5000	10.0	0.0	4.7	EASTERNGREENLAND	201811011235A

SWEM	A	2018	11	5	18	38	48.00	69.2500	-33.2500	10.0	0.0	4.8	EASTERNGREENLAND	201811051838A

SWEM	C	2018	11	10	22	34	24.00	68.7500	-33.2500	10.0	0.0	4.7	EASTERNGREENLAND	201811102234A

SWEM	B	2018	11	12	23	52	8.00	72.7500	-55.2500	10.0	0.0	4.9	WESTERNGREENLAND	201811122352B

SWEQ	B	2018	11	14	19	23	12.00	66.2500	-40.2500	10.0	0.0	4.7	WESTERNGREENLAND	201811141923A

SWEM	B	2018	11	22	8	43	20.00	73.5000	-55.5000	10.0	0.0	4.7	WESTERNGREENLAND	201811220843A

SWEM	B	2018	12	4	23	44	56.00	75.5000	-60.5000	10.0	0.0	4.9	BAFFINBAY	201812042345B

SWEQ	C	2018	12	19	9	52	8.00	75.0000	-57.0000	10.0	0.0	4.8	WESTERNGREENLAND	201812190952A

SWEM	B	2018	12	29	0	45	20.00	76.2500	-59.7500	10.0	0.0	4.8	WESTERNGREENLAND	201812290045A

SWEM	A	2019	1	14	22	22	0.00	72.7500	-54.7500	10.0	0.0	4.8	WESTERNGREENLAND	201901142222A

SWEM	A	2019	1	19	23	2	8.00	68.7500	-32.7500	10.0	0.0	4.9	EASTERNGREENLAND	201901192302A

SWEQ	B	2019	1	24	20	22	8.00	66.2500	-40.7500	10.0	0.0	4.7	WESTERNGREENLAND	201901242022A

SWEM	B	2019	3	12	12	8	16.00	66.7500	-37.7500	10.0	0.0	5.1	EASTERNGREENLAND	201903121208A

SWEQ	C	2019	4	3	21	52	24.00	65.0000	-39.0000	10.0	0.0	4.7	EASTERNGREENLAND	201904032152A

SWEM	C	2019	4	22	22	48	48.00	70.2500	-49.2500	10.0	0.0	4.8	WESTERNGREENLAND	201904222248A

SWEM	C	2019	4	26	9	27	44.00	67.2500	-37.2500	10.0	0.0	4.7	EASTERNGREENLAND	201904260927A

SWEM	E	2019	4	26	11	7	12.00	65.7500	-36.7500	10.0	0.0	4.9	EASTERNGREENLAND	201904261107A

SWEM	B	2019	5	2	3	40	56.00	66.7500	-37.7500	10.0	0.0	4.7	EASTERNGREENLAND	201905020340A

SWEM	A	2019	5	4	13	33	44.00	69.2500	-49.7500	10.0	0.0	4.8	WESTERNGREENLAND	201905041333A

SWEM	B	2019	5	6	2	46	48.00	73.5000	-55.5000	10.0	0.0	4.7	WESTERNGREENLAND	201905060246A

SWEQ	E	2019	5	18	8	5	4.00	69.0000	-49.0000	10.0	0.0	4.7	WESTERNGREENLAND	201905180805A

SWEM	C	2019	5	25	13	9	28.00	69.2500	-48.7500	10.0	0.0	4.8	WESTERNGREENLAND	201905251309B

SWEQ	B	2019	5	25	15	57	28.00	68.7500	-48.2500	10.0	0.0	4.7	WESTERNGREENLAND	201905251557A

SWEQ	B	2019	6	5	22	8	40.00	68.5000	-48.5000	10.0	0.0	4.8	WESTERNGREENLAND	201906052208B

SWEQ	C	2019	6	5	22	33	36.00	69.2500	-50.7500	10.0	0.0	5.0	WESTERNGREENLAND	201906052233B

SWEQ	C	2019	6	14	10	30	16.00	69.2500	-48.7500	10.0	0.0	4.8	WESTERNGREENLAND	201906141030A

SWEM	C	2019	6	19	3	46	16.00	76.5000	-64.5000	10.0	0.0	4.6	WESTERNGREENLAND	201906190346A

SWEM	A	2019	6	22	11	57	36.00	67.2500	-37.7500	10.0	0.0	4.8	EASTERNGREENLAND	201906221157A

SWEM	B	2019	6	30	20	26	32.00	71.0000	-51.0000	10.0	0.0	4.8	WESTERNGREENLAND	201906302026A

SWEM	C	2019	7	1	4	4	40.00	71.0000	-51.0000	10.0	0.0	4.7	WESTERNGREENLAND	201907010404A

SWEM	A	2019	7	2	15	16	0.00	75.2500	-59.2500	10.0	0.0	4.9	WESTERNGREENLAND	201907021516A

SWEM	A	2019	7	3	23	36	16.00	69.0000	-49.0000	10.0	0.0	4.9	WESTERNGREENLAND	201907032336A

SWEQ	C	2019	7	7	3	34	16.00	69.2500	-31.7500	10.0	0.0	4.7	EASTERNGREENLAND	201907070334A

SWEQ	E	2019	7	7	4	21	28.00	69.0000	-33.0000	10.0	0.0	4.7	EASTERNGREENLAND	201907070421A

SWEM	B	2019	7	7	8	50	0.00	69.2500	-49.7500	10.0	0.0	4.8	WESTERNGREENLAND	201907070849A

SWEQ	B	2019	7	13	13	23	12.00	69.2500	-48.7500	10.0	0.0	4.8	WESTERNGREENLAND	201907131323A

SWEM	A	2019	7	17	19	41	52.00	66.7500	-38.2500	10.0	0.0	4.9	EASTERNGREENLAND	201907171941A

SWEM	B	2019	7	17	22	10	56.00	65.7500	-39.2500	10.0	0.0	4.8	EASTERNGREENLAND	201907172210A

SWEM	B	2019	7	20	23	45	52.00	66.2500	-38.7500	10.0	0.0	4.8	EASTERNGREENLAND	201907202345A

SWEQ	B	2019	7	24	21	41	4.00	72.7500	-52.2500	10.0	0.0	4.8	WESTERNGREENLAND	201907242141A

SWEQ	C	2019	7	27	8	13	44.00	72.0000	-30.0000	10.0	0.0	4.8	EASTERNGREENLAND	201907270813A

SWEM	E	2019	8	5	4	57	44.00	68.2500	-49.7500	10.0	0.0	4.8	WESTERNGREENLAND	201908050458A

SWEM	A	2019	8	11	11	52	56.00	75.5000	-59.5000	10.0	0.0	4.9	WESTERNGREENLAND	201908111152A

SWEM	C	2019	8	17	7	44	48.00	73.5000	-55.5000	10.0	0.0	4.7	WESTERNGREENLAND	201908170744A

SWEQ	C	2019	8	18	5	47	28.00	67.0000	-35.0000	10.0	0.0	4.8	EASTERNGREENLAND	201908180547A

SWEQ	C	2019	8	18	5	53	4.00	66.5000	-37.5000	10.0	0.0	4.7	EASTERNGREENLAND	201908180553A

SWEM	B	2019	8	22	1	54	56.00	78.2500	-66.2500	10.0	0.0	4.7	WESTERNGREENLAND	201908220154A

SWEQ	E	2019	8	22	16	38	8.00	71.5000	-29.5000	10.0	0.0	4.8	EASTERNGREENLAND	201908221638A

SWEM	B	2019	8	27	2	25	12.00	78.5000	-21.5000	10.0	0.0	4.8	EASTERNGREENLAND	201908270225A

SWEM	A	2019	9	4	1	17	20.00	66.7500	-38.2500	10.0	0.0	4.9	EASTERNGREENLAND	201909040117A

SWEM	A	2019	9	4	1	57	20.00	66.7500	-38.2500	10.0	0.0	4.8	EASTERNGREENLAND	201909040157A

SWEM	A	2019	9	7	10	39	20.00	72.2500	-28.7500	10.0	0.0	4.8	EASTERNGREENLAND	201909071039A

SWEM	C	2019	9	12	1	10	16.00	76.5000	-62.5000	10.0	0.0	4.7	WESTERNGREENLAND	201909120110A

SWEM	C	2019	9	13	5	52	56.00	74.2500	-57.2500	10.0	0.0	4.6	WESTERNGREENLAND	201909130552B

SWEQ	B	2019	9	14	20	6	56.00	69.7500	-48.7500	10.0	0.0	4.8	WESTERNGREENLAND	201909142006A

SWEM	B	2019	10	8	11	0	8.00	66.7500	-39.7500	10.0	0.0	4.8	EASTERNGREENLAND	201910081100A

SWEM	C	2019	10	9	5	34	48.00	73.0000	-53.0000	10.0	0.0	4.7	WESTERNGREENLAND	201910090534A

SWEM	C	2019	10	9	9	25	44.00	72.0000	-30.0000	10.0	0.0	4.8	EASTERNGREENLAND	201910090925B

SWEM	C	2019	10	27	8	9	52.00	68.2500	-33.2500	10.0	0.0	4.8	EASTERNGREENLAND	201910270809A

SWEQ	C	2019	11	2	21	32	40.00	66.2500	-40.7500	10.0	0.0	4.7	WESTERNGREENLAND	201911022132A

SWEM	B	2019	11	9	19	38	56.00	66.2500	-39.2500	10.0	0.0	4.8	EASTERNGREENLAND	201911091938A

SWEM	B	2019	11	9	22	39	44.00	75.5000	-59.5000	10.0	0.0	4.9	WESTERNGREENLAND	201911092239A

SWEQ	C	2019	11	10	4	38	56.00	72.5000	-31.5000	10.0	0.0	4.7	EASTERNGREENLAND	201911100438A

SWEQ	C	2019	11	19	15	16	40.00	65.0000	-41.0000	10.0	0.0	4.7	WESTERNGREENLAND	201911191516A

SWEQ	C	2019	12	1	6	49	4.00	68.0000	-34.0000	10.0	0.0	4.7	EASTERNGREENLAND	201912010649A

SWEM	B	2019	12	4	10	0	0.00	73.2500	-55.2500	10.0	0.0	4.9	WESTERNGREENLAND	201912041000A

SWEM	C	2019	12	4	14	31	36.00	70.5000	-50.5000	10.0	0.0	4.8	WESTERNGREENLAND	201912041431A

SWEQ	C	2019	12	22	9	46	24.00	69.5000	-32.5000	10.0	0.0	4.9	EASTERNGREENLAND	201912220946B

SWEM	C	2020	1	1	11	2	8.00	75.0000	-57.0000	10.0	0.0	4.7	WESTERNGREENLAND	202001011102A

SWEM	A	2020	1	5	15	30	24.00	66.2500	-38.2500	10.0	0.0	4.8	EASTERNGREENLAND	202001051530A

SWEM	A	2020	1	11	22	26	8.00	76.7500	-58.7500	10.0	0.0	5.0	WESTERNGREENLAND	202001112225B

SWEM	C	2020	1	13	9	37	4.00	67.5000	-34.5000	10.0	0.0	4.7	EASTERNGREENLAND	202001130937A

SWEM	E	2020	2	11	13	12	48.00	73.2500	-56.2500	10.0	0.0	4.9	WESTERNGREENLAND	202002111312B

SWEQ	C	2020	2	21	6	15	12.00	65.2500	-41.2500	10.0	0.0	4.7	WESTERNGREENLAND	202002210615A

SWEM	B	2020	2	27	6	17	52.00	72.2500	-52.2500	10.0	0.0	4.8	WESTERNGREENLAND	202002270618B

SWEM	A	2020	2	28	5	29	20.00	66.2500	-38.2500	10.0	0.0	4.8	EASTERNGREENLAND	202002280529A

SWEM	A	2020	2	28	19	7	12.00	68.2500	-35.2500	10.0	0.0	4.9	EASTERNGREENLAND	202002281907B

SWEM	A	2020	2	29	21	46	32.00	73.2500	-54.7500	10.0	0.0	4.9	WESTERNGREENLAND	202002292146A

SWEQ	C	2020	3	6	18	5	44.00	69.0000	-49.0000	10.0	0.0	4.6	WESTERNGREENLAND	202003061805A

SWEM	B	2020	3	13	15	38	40.00	72.5000	-52.5000	10.0	0.0	4.7	WESTERNGREENLAND	202003131538A

SWEM	A	2020	4	2	12	10	0.00	73.2500	-54.2500	10.0	0.0	4.9	WESTERNGREENLAND	202004021210A

SWEM	A	2020	4	27	18	37	12.00	69.5000	-48.5000	10.0	0.0	4.8	WESTERNGREENLAND	202004271837A

SWEM	C	2020	4	27	19	4	0.00	69.5000	-48.5000	10.0	0.0	4.7	WESTERNGREENLAND	202004271904A

SWEQ	C	2020	4	28	14	48	32.00	65.2500	-42.2500	10.0	0.0	4.7	WESTERNGREENLAND	202004281448B

SWEM	C	2020	5	4	11	49	52.00	73.0000	-55.0000	10.0	0.0	4.7	WESTERNGREENLAND	202005041149A

SWEQ	B	2020	5	7	0	37	12.00	76.0000	-58.0000	10.0	0.0	5.0	WESTERNGREENLAND	202005070037A

SWEM	A	2020	5	8	4	28	16.00	68.7500	-49.7500	10.0	0.0	4.9	WESTERNGREENLAND	202005080428A

SWEM	A	2020	5	9	3	6	16.00	75.7500	-58.7500	10.0	0.0	4.8	WESTERNGREENLAND	202005090306A

SWEQ	C	2020	5	15	21	49	20.00	70.2500	-52.2500	10.0	0.0	4.7	WESTERNGREENLAND	202005152149A

SWEM	A	2020	5	16	10	6	16.00	73.0000	-55.0000	10.0	0.0	4.7	WESTERNGREENLAND	202005161006B

SWEM	C	2020	5	17	23	0	0.00	70.7500	-52.7500	10.0	0.0	4.7	WESTERNGREENLAND	202005172300B

SWEM	A	2020	5	21	13	30	32.00	69.2500	-49.7500	10.0	0.0	5.0	WESTERNGREENLAND	202005211330A

SWEM	A	2020	5	24	11	41	52.00	69.2500	-50.2500	10.0	0.0	4.9	WESTERNGREENLAND	202005241141A

SWEM	A	2020	5	29	23	7	4.00	68.7500	-50.7500	10.0	0.0	5.0	WESTERNGREENLAND	202005292307A

SWEQ	C	2020	6	11	14	57	44.00	69.0000	-49.0000	10.0	0.0	4.8	WESTERNGREENLAND	202006111457B

SWEM	B	2020	6	13	1	15	44.00	69.0000	-49.0000	10.0	0.0	4.7	WESTERNGREENLAND	202006130115A

SWEM	C	2020	6	25	15	34	56.00	69.0000	-49.0000	10.0	0.0	4.7	WESTERNGREENLAND	202006251534A

SWEQ	E	2020	6	27	4	59	12.00	69.5000	-49.5000	10.0	0.0	4.6	WESTERNGREENLAND	202006270459A

SWEM	A	2020	6	29	19	25	36.00	69.0000	-49.0000	10.0	0.0	5.0	WESTERNGREENLAND	202006291925A

SWEM	B	2020	7	1	23	56	8.00	66.5000	-38.5000	10.0	0.0	4.7	EASTERNGREENLAND	202007012355A

SWEM	B	2020	7	2	8	37	28.00	69.0000	-49.0000	10.0	0.0	4.8	WESTERNGREENLAND	202007020837A

SWEM	A	2020	7	3	21	31	12.00	68.5000	-50.5000	10.0	0.0	4.8	WESTERNGREENLAND	202007032131A

SWEM	B	2020	7	12	10	12	8.00	69.2500	-50.2500	10.0	0.0	4.8	WESTERNGREENLAND	202007121012A

SWEM	C	2020	7	14	11	31	36.00	66.2500	-37.7500	10.0	0.0	4.7	EASTERNGREENLAND	202007141131A

SWEM	A	2020	7	14	17	17	28.00	71.7500	-27.7500	10.0	0.0	4.9	EASTERNGREENLAND	202007141717A

SWEQ	C	2020	7	17	22	15	20.00	77.5000	-55.5000	10.0	0.0	4.7	WESTERNGREENLAND	202007172215A

SWEM	B	2020	7	21	12	42	56.00	73.2500	-55.7500	10.0	0.0	4.8	WESTERNGREENLAND	202007211242A

SWEM	C	2020	7	23	23	3	52.00	71.0000	-51.0000	10.0	0.0	4.7	WESTERNGREENLAND	202007232304A

SWEM	C	2020	7	24	16	24	32.00	71.7500	-52.2500	10.0	0.0	4.6	WESTERNGREENLAND	202007241624A

SWEM	C	2020	7	29	13	0	24.00	69.2500	-47.2500	10.0	0.0	4.9	WESTERNGREENLAND	202007291300A

SWEM	B	2020	7	29	21	16	0.00	69.7500	-49.7500	10.0	0.0	4.6	WESTERNGREENLAND	202007292115A

SWEM	A	2020	7	30	13	26	40.00	68.7500	-50.7500	10.0	0.0	4.8	WESTERNGREENLAND	202007301326A

SWEM	A	2020	7	30	14	54	56.00	68.7500	-50.7500	10.0	0.0	4.8	WESTERNGREENLAND	202007301454A

SWEQ	C	2020	8	7	16	8	48.00	69.0000	-31.0000	10.0	0.0	4.8	EASTERNGREENLAND	202008071608B

SWEM	A	2020	8	10	13	14	32.00	75.7500	-59.7500	10.0	0.0	5.0	WESTERNGREENLAND	202008101314A

SWEM	B	2020	9	4	4	10	48.00	71.2500	-51.7500	10.0	0.0	4.8	WESTERNGREENLAND	202009040410A

SWEQ	C	2020	9	7	1	30	40.00	65.7500	-38.7500	10.0	0.0	4.7	EASTERNGREENLAND	202009070130A

SWEQ	C	2020	9	11	2	54	8.00	67.0000	-33.0000	10.0	0.0	4.7	EASTERNGREENLAND	202009110254A

SWEM	B	2020	9	16	22	11	20.00	73.2500	-48.7500	10.0	0.0	4.8	WESTERNGREENLAND	202009162210A

SWEM	B	2020	9	18	9	48	56.00	69.5000	-51.5000	10.0	0.0	4.8	WESTERNGREENLAND	202009180948A

SWEM	A	2020	9	20	17	11	52.00	66.7500	-38.7500	10.0	0.0	4.8	EASTERNGREENLAND	202009201711A

SWEM	A	2020	9	29	5	48	24.00	66.7500	-37.7500	10.0	0.0	4.8	EASTERNGREENLAND	202009290548B

SWEM	C	2020	10	7	1	26	40.00	68.2500	-49.2500	10.0	0.0	4.7	WESTERNGREENLAND	202010070126A

SWEM	C	2020	10	14	6	59	4.00	72.5000	-53.5000	10.0	0.0	4.9	WESTERNGREENLAND	202010140659A

SWEM	B	2020	10	27	9	16	56.00	69.0000	-49.0000	10.0	0.0	5.0	WESTERNGREENLAND	202010270916A

SWEQ	C	2020	11	6	4	13	12.00	73.7500	-48.2500	10.0	0.0	4.9	WESTERNGREENLAND	202011060413A

SWEM	E	2020	11	9	17	17	44.00	75.2500	-60.7500	10.0	0.0	5.0	BAFFINBAY	202011091717A

SWEM	A	2020	11	10	16	3	4.00	75.7500	-59.7500	10.0	0.0	4.8	WESTERNGREENLAND	202011101603A

SWEM	C	2020	11	12	6	4	0.00	71.5000	-50.5000	10.0	0.0	4.7	WESTERNGREENLAND	202011120604A

SWEQ	C	2020	11	23	0	15	12.00	68.0000	-50.0000	10.0	0.0	5.0	WESTERNGREENLAND	202011230015A

SWEM	B	2020	11	29	7	4	24.00	69.2500	-32.7500	10.0	0.0	4.7	EASTERNGREENLAND	202011290704A

SWEM	A	2020	12	26	9	3	28.00	66.7500	-38.2500	10.0	0.0	4.9	EASTERNGREENLAND	202012260903A

SWEM	A	2020	12	29	5	40	16.00	75.7500	-61.2500	10.0	0.0	5.0	BAFFINBAY	202012290540A

SWEM	B	2021	1	4	2	15	4.00	69.2500	-50.2500	10.0	0.0	5.0	WESTERNGREENLAND	202101040215A

SWEM	A	2021	1	5	18	19	44.00	73.2500	-54.2500	10.0	0.0	4.9	WESTERNGREENLAND	202101051819A

SWEM	C	2021	1	17	17	57	36.00	68.5000	-33.5000	10.0	0.0	4.8	EASTERNGREENLAND	202101171757A

SWEM	C	2021	1	20	4	19	44.00	75.7500	-61.2500	10.0	0.0	4.8	BAFFINBAY	202101200419A

SWEM	C	2021	1	20	4	52	32.00	76.5000	-62.5000	10.0	0.0	4.8	WESTERNGREENLAND	202101200452A

SWEM	A	2021	1	20	21	58	32.00	69.2500	-50.2500	10.0	0.0	4.9	WESTERNGREENLAND	202101202158A

SWEM	E	2021	1	28	6	32	56.00	72.2500	-51.2500	10.0	0.0	4.8	WESTERNGREENLAND	202101280632A

SWEM	B	2021	4	6	7	30	40.00	70.7500	-54.7500	10.0	0.0	4.8	WESTERNGREENLAND	202104060730A

SWEM	B	2021	4	6	20	27	12.00	68.7500	-48.7500	10.0	0.0	4.8	WESTERNGREENLAND	202104062027A

SWEM	A	2021	4	30	23	31	28.00	69.2500	-48.7500	10.0	0.0	5.0	WESTERNGREENLAND	202104302331A

SWEM	A	2021	5	4	9	13	28.00	68.7500	-50.7500	10.0	0.0	4.9	WESTERNGREENLAND	202105040913B

SWEM	E	2021	5	4	23	40	24.00	73.2500	-54.7500	10.0	0.0	4.9	WESTERNGREENLAND	202105042340A

SWEM	A	2021	5	8	13	54	48.00	69.2500	-48.7500	10.0	0.0	4.9	WESTERNGREENLAND	202105081354A

SWEM	C	2021	5	8	14	1	4.00	69.7500	-48.7500	10.0	0.0	4.6	WESTERNGREENLAND	202105081401A

SWEM	C	2021	5	8	14	8	8.00	69.2500	-52.7500	10.0	0.0	4.7	WESTERNGREENLAND	202105081408A

SWEM	A	2021	5	14	3	48	0.00	69.2500	-50.2500	10.0	0.0	5.1	WESTERNGREENLAND	202105140348A

SWEM	A	2021	5	15	11	6	32.00	69.2500	-49.7500	10.0	0.0	5.0	WESTERNGREENLAND	202105151106A

SWEM	A	2021	5	26	6	16	8.00	69.2500	-50.2500	10.0	0.0	4.8	WESTERNGREENLAND	202105260616A

SWEM	B	2021	6	1	3	13	4.00	71.0000	-51.0000	10.0	0.0	4.8	WESTERNGREENLAND	202106010313A

SWEM	C	2021	6	2	7	53	36.00	68.5000	-51.5000	10.0	0.0	4.7	WESTERNGREENLAND	202106020753A

SWEM	B	2021	6	4	0	0	0.00	69.0000	-49.0000	10.0	0.0	4.8	WESTERNGREENLAND	202106040000A

SWEM	A	2021	6	17	7	36	24.00	73.2500	-55.7500	10.0	0.0	4.9	WESTERNGREENLAND	202106170736A

SWEM	B	2021	6	23	9	8	0.00	66.5000	-39.5000	10.0	0.0	4.7	EASTERNGREENLAND	202106230908A

SWEM	C	2021	6	25	17	38	0.00	71.7500	-51.2500	10.0	0.0	4.8	WESTERNGREENLAND	202106251738A

SWEM	A	2021	7	4	16	34	0.00	66.5000	-37.5000	10.0	0.0	4.8	EASTERNGREENLAND	202107041634A

SWEM	C	2021	7	5	11	27	4.00	69.7500	-48.2500	10.0	0.0	5.0	WESTERNGREENLAND	202107051127A

SWEM	C	2021	7	6	16	45	4.00	69.0000	-51.0000	10.0	0.0	4.7	WESTERNGREENLAND	202107061645B

SWEM	A	2021	7	16	1	24	0.00	75.5000	-59.5000	10.0	0.0	5.0	WESTERNGREENLAND	202107160124A

SWEM	B	2021	7	16	1	43	4.00	75.5000	-59.5000	10.0	0.0	4.8	WESTERNGREENLAND	202107160143A

SWEM	B	2021	7	22	16	17	20.00	73.5000	-55.5000	10.0	0.0	4.9	WESTERNGREENLAND	202107221617A

SWEM	A	2021	7	23	3	23	44.00	76.2500	-59.2500	10.0	0.0	5.0	WESTERNGREENLAND	202107230323A

SWEM	B	2021	7	26	22	29	28.00	71.0000	-49.0000	10.0	0.0	4.8	WESTERNGREENLAND	202107262229A

SWEM	C	2021	8	1	6	9	52.00	72.0000	-54.0000	10.0	0.0	4.7	WESTERNGREENLAND	202108010609A

SWEM	A	2021	8	17	5	35	20.00	66.5000	-38.5000	10.0	0.0	4.8	EASTERNGREENLAND	202108170535B

SWEQ	B	2021	8	20	22	14	8.00	72.5000	-52.5000	10.0	0.0	4.7	WESTERNGREENLAND	202108202214A

SWEM	B	2021	8	25	10	2	32.00	67.2500	-38.7500	10.0	0.0	4.8	EASTERNGREENLAND	202108251002A

SWEQ	C	2021	8	28	21	3	44.00	71.2500	-50.2500	10.0	0.0	4.7	WESTERNGREENLAND	202108282103A

SWEQ	C	2021	8	30	1	13	4.00	76.2500	-58.7500	10.0	0.0	4.9	WESTERNGREENLAND	202108300113A

SWEM	C	2021	9	6	22	45	20.00	71.0000	-29.0000	10.0	0.0	4.7	EASTERNGREENLAND	202109062245A

SWEM	B	2021	9	12	19	42	32.00	75.2500	-56.2500	10.0	0.0	4.9	WESTERNGREENLAND	202109121942A

SWEM	A	2021	9	17	5	52	48.00	68.7500	-50.2500	10.0	0.0	4.9	WESTERNGREENLAND	202109170552A

SWEQ	C	2021	9	18	12	1	4.00	73.0000	-55.0000	10.0	0.0	4.8	WESTERNGREENLAND	202109181201A

SWEM	A	2021	9	22	7	43	36.00	67.2500	-37.7500	10.0	0.0	4.8	EASTERNGREENLAND	202109220743A

SWEM	A	2021	9	22	8	29	20.00	66.7500	-37.7500	10.0	0.0	4.9	EASTERNGREENLAND	202109220829B

SWEM	B	2021	9	25	16	17	28.00	75.5000	-56.5000	10.0	0.0	4.8	WESTERNGREENLAND	202109251617A

SWEM	E	2021	9	30	12	14	0.00	75.5000	-58.5000	10.0	0.0	4.8	WESTERNGREENLAND	202109301214A

SWEM	B	2021	10	13	9	12	32.00	67.7500	-31.2500	10.0	0.0	4.7	EASTERNGREENLAND	202110130912A

SWEM	B	2021	10	17	16	1	4.00	68.7500	-32.2500	10.0	0.0	4.8	EASTERNGREENLAND	202110171601A

SWEM	B	2021	10	21	17	33	28.00	67.7500	-34.2500	10.0	0.0	4.8	EASTERNGREENLAND	202110211733A

SWEM	A	2021	11	1	5	5	12.00	69.2500	-31.7500	10.0	0.0	4.8	EASTERNGREENLAND	202111010505A

SWEM	B	2021	11	8	0	58	56.00	73.5000	-55.5000	10.0	0.0	5.0	WESTERNGREENLAND	202111080058A

SWEM	E	2021	11	12	20	53	4.00	67.0000	-37.0000	10.0	0.0	4.8	EASTERNGREENLAND	202111122053A

SWEM	A	2021	11	24	13	58	24.00	69.2500	-33.7500	10.0	0.0	4.8	EASTERNGREENLAND	202111241358A

SWEM	E	2021	11	30	21	12	8.00	74.5000	-55.5000	10.0	0.0	4.7	WESTERNGREENLAND	202111302112B

SWEM	A	2021	12	19	7	49	12.00	67.0000	-39.0000	10.0	0.0	4.9	EASTERNGREENLAND	202112190749A

SWEM	C	2022	1	1	17	18	8.00	75.7500	-58.2500	10.0	0.0	4.8	WESTERNGREENLAND	202201011718A

SWEM	B	2022	1	13	11	18	48.00	74.5000	-55.5000	10.0	0.0	4.8	WESTERNGREENLAND	202201131118A

SWEM	C	2022	1	25	21	21	4.00	75.0000	-55.0000	10.0	0.0	4.7	WESTERNGREENLAND	202201252121B

SWEM	B	2022	1	30	18	16	32.00	69.2500	-33.2500	10.0	0.0	4.8	EASTERNGREENLAND	202201301816A

SWEM	A	2022	2	12	2	1	44.00	66.2500	-38.2500	10.0	0.0	4.8	EASTERNGREENLAND	202202120201A

SWEM	A	2022	3	3	7	5	36.00	66.5000	-38.5000	10.0	0.0	4.9	EASTERNGREENLAND	202203030705A

SWEM	A	2022	3	5	5	25	4.00	68.2500	-34.2500	10.0	0.0	4.9	EASTERNGREENLAND	202203050525A

SWEM	A	2022	3	10	15	35	44.00	66.2500	-37.7500	10.0	0.0	4.7	EASTERNGREENLAND	202203101535A

SWEM	A	2022	3	11	9	15	12.00	66.2500	-38.2500	10.0	0.0	4.9	EASTERNGREENLAND	202203110915A

SWEM	E	2022	3	17	15	52	24.00	72.2500	-53.7500	10.0	0.0	4.8	WESTERNGREENLAND	202203171552A

SWEM	E	2022	3	19	16	52	56.00	73.5000	-55.5000	10.0	0.0	4.7	WESTERNGREENLAND	202203191652A

SWEM	A	2022	3	24	14	56	56.00	69.7500	-49.2500	10.0	0.0	4.8	WESTERNGREENLAND	202203241456A

SWEM	A	2022	3	26	9	24	56.00	76.2500	-61.2500	10.0	0.0	4.9	WESTERNGREENLAND	202203260924B

SWEM	B	2022	4	2	22	39	52.00	68.5000	-33.5000	10.0	0.0	4.9	EASTERNGREENLAND	202204022239A

SWEM	B	2022	4	13	6	40	56.00	72.7500	-54.2500	10.0	0.0	5.0	WESTERNGREENLAND	202204130640A

SWEM	C	2022	4	30	12	27	4.00	66.2500	-38.7500	10.0	0.0	4.8	EASTERNGREENLAND	202204301227A

SWEM	C	2022	5	2	18	39	52.00	70.2500	-48.2500	10.0	0.0	4.7	WESTERNGREENLAND	202205021839B

SWEM	C	2022	5	3	22	49	52.00	76.0000	-62.0000	10.0	0.0	4.6	WESTERNGREENLAND	202205032249A

SWEM	A	2022	5	8	17	47	4.00	69.2500	-49.7500	10.0	0.0	4.8	WESTERNGREENLAND	202205081747A

SWEM	C	2022	5	8	21	29	44.00	69.0000	-33.0000	10.0	0.0	4.8	EASTERNGREENLAND	202205082129A

SWEM	A	2022	5	10	3	7	52.00	69.0000	-49.0000	10.0	0.0	4.9	WESTERNGREENLAND	202205100307A

SWEM	A	2022	5	23	5	13	36.00	66.2500	-38.2500	10.0	0.0	4.9	EASTERNGREENLAND	202205230513A

SWEM	C	2022	5	24	9	37	52.00	72.7500	-55.7500	10.0	0.0	4.8	WESTERNGREENLAND	202205240937A

SWEM	A	2022	5	24	9	58	8.00	68.7500	-50.2500	10.0	0.0	4.9	WESTERNGREENLAND	202205240958A

SWEM	A	2022	5	25	7	19	20.00	66.7500	-38.2500	10.0	0.0	4.9	EASTERNGREENLAND	202205250719A

SWEM	B	2022	5	25	9	44	8.00	66.7500	-38.2500	10.0	0.0	4.8	EASTERNGREENLAND	202205250944A

SWEM	B	2022	5	30	15	50	0.00	69.2500	-30.2500	10.0	0.0	4.8	EASTERNGREENLAND	202205301550A

SWEM	C	2022	6	3	4	44	8.00	69.5000	-32.5000	10.0	0.0	4.8	EASTERNGREENLAND	202206030444A

SWEM	B	2022	6	12	18	31	36.00	66.2500	-38.2500	10.0	0.0	4.9	EASTERNGREENLAND	202206121831A

SWEM	A	2022	6	15	8	25	4.00	69.7500	-49.2500	10.0	0.0	5.0	WESTERNGREENLAND	202206150825A

SWEM	C	2022	6	26	7	47	44.00	73.2500	-53.2500	10.0	0.0	4.7	WESTERNGREENLAND	202206260747A

SWEM	A	2022	6	27	11	52	56.00	69.0000	-49.0000	10.0	0.0	4.9	WESTERNGREENLAND	202206271152A

SWEM	C	2022	6	29	5	42	48.00	73.2500	-56.2500	10.0	0.0	4.7	WESTERNGREENLAND	202206290542A

SWEM	C	2022	6	29	14	32	0.00	69.0000	-33.0000	10.0	0.0	4.7	EASTERNGREENLAND	202206291432A

SWEM	A	2022	7	1	1	57	12.00	71.5000	-51.5000	10.0	0.0	4.8	WESTERNGREENLAND	202207010157A

SWEM	C	2022	7	9	7	15	52.00	79.0000	-25.0000	10.0	0.0	4.7	EASTERNGREENLAND	202207090715A

SWEM	C	2022	7	9	13	37	28.00	69.0000	-49.0000	10.0	0.0	4.6	WESTERNGREENLAND	202207091337A

SWEM	B	2022	7	10	18	7	52.00	78.5000	-21.5000	10.0	0.0	4.7	EASTERNGREENLAND	202207101807A

SWEM	A	2022	7	15	8	31	4.00	66.2500	-38.7500	10.0	0.0	4.9	EASTERNGREENLAND	202207150831A

SWEM	C	2022	7	18	20	52	8.00	66.5000	-38.5000	10.0	0.0	5.0	EASTERNGREENLAND	202207182052A

SWEQ	B	2022	7	20	8	42	16.00	71.5000	-60.5000	10.0	0.0	5.0	BAFFINBAY	202207200842B

SWEM	B	2022	7	20	8	42	24.00	73.7500	-46.2500	10.0	0.0	5.0	WESTERNGREENLAND	202207200842A

SWEM	A	2022	7	22	13	33	12.00	69.2500	-49.2500	10.0	0.0	4.8	WESTERNGREENLAND	202207221333A

SWEM	C	2022	7	28	12	8	32.00	70.5000	-51.5000	10.0	0.0	4.7	WESTERNGREENLAND	202207281208A

SWEM	A	2022	7	28	12	22	56.00	69.2500	-48.7500	10.0	0.0	4.8	WESTERNGREENLAND	202207281222A

SWEM	A	2022	7	29	14	29	28.00	65.7500	-37.7500	10.0	0.0	4.8	EASTERNGREENLAND	202207291429A

SWEM	B	2022	8	2	1	16	48.00	72.2500	-52.7500	10.0	0.0	4.8	WESTERNGREENLAND	202208020116A

SWEM	A	2022	8	6	3	5	20.00	69.5000	-48.5000	10.0	0.0	5.0	WESTERNGREENLAND	202208060305A

SWEM	B	2022	8	8	1	49	28.00	76.2500	-58.7500	10.0	0.0	4.8	WESTERNGREENLAND	202208080149A

SWEM	A	2022	8	15	14	54	32.00	75.2500	-61.2500	10.0	0.0	5.1	BAFFINBAY	202208151454A

SWEM	C	2022	9	19	11	8	32.00	70.5000	-57.5000	10.0	0.0	4.9	BAFFINBAY	202209191108B

SWEM	B	2022	9	23	13	37	28.00	66.2500	-37.7500	10.0	0.0	4.9	EASTERNGREENLAND	202209231337A

SWEQ	C	2022	9	26	4	47	4.00	73.7500	-54.7500	10.0	0.0	4.8	WESTERNGREENLAND	202209260447A

SWEM	B	2022	9	27	16	12	40.00	66.2500	-38.2500	10.0	0.0	4.8	EASTERNGREENLAND	202209271612B

SWEM	A	2022	10	1	10	45	4.00	66.5000	-38.5000	10.0	0.0	4.7	EASTERNGREENLAND	202210011045A

SWEM	A	2022	10	3	8	12	0.00	69.5000	-49.5000	10.0	0.0	5.0	WESTERNGREENLAND	202210030812A

SWEM	B	2022	10	12	1	43	28.00	69.2500	-49.2500	10.0	0.0	4.7	WESTERNGREENLAND	202210120143A

SWEQ	B	2022	10	12	8	46	56.00	66.2500	-38.2500	10.0	0.0	4.7	EASTERNGREENLAND	202210120846A

SWEQ	C	2022	10	19	23	16	8.00	68.5000	-33.5000	10.0	0.0	4.8	EASTERNGREENLAND	202210192316A

SWEM	A	2022	10	21	17	42	32.00	76.2500	-58.7500	10.0	0.0	4.8	WESTERNGREENLAND	202210211742A

SWEM	B	2022	10	22	0	32	48.00	75.5000	-57.5000	10.0	0.0	4.9	WESTERNGREENLAND	202210220032A

SWEM	B	2022	10	31	2	4	40.00	68.7500	-33.7500	10.0	0.0	4.8	EASTERNGREENLAND	202210310204A

SWEM	B	2022	11	8	6	13	52.00	72.7500	-54.2500	10.0	0.0	5.0	WESTERNGREENLAND	202211080613A

SWEM	C	2022	11	8	6	24	48.00	72.2500	-49.2500	10.0	0.0	4.8	WESTERNGREENLAND	202211080624A

SWEQ	C	2022	12	7	13	12	24.00	68.5000	-33.5000	10.0	0.0	4.7	EASTERNGREENLAND	202212071312A

SWEM	C	2022	12	12	1	27	12.00	67.0000	-35.0000	10.0	0.0	4.7	EASTERNGREENLAND	202212120127A

SWEM	B	2022	12	13	6	39	4.00	73.7500	-55.7500	10.0	0.0	4.7	WESTERNGREENLAND	202212130639A

SWEM	A	2022	12	17	11	36	32.00	66.2500	-38.2500	10.0	0.0	4.7	EASTERNGREENLAND	202212171136A

SWEM	A	2022	12	17	23	7	4.00	75.0000	-57.0000	10.0	0.0	4.9	WESTERNGREENLAND	202212172307A

SWEM	C	2022	12	24	6	46	40.00	68.0000	-34.0000	10.0	0.0	4.8	EASTERNGREENLAND	202212240646B

SWEM	A	2022	12	27	9	33	28.00	66.7500	-38.2500	10.0	0.0	4.9	EASTERNGREENLAND	202212270933A

SWEM	C	2023	1	6	19	12	56.00	73.2500	-56.2500	10.0	0.0	4.8	WESTERNGREENLAND	202301061912A

SWEM	B	2023	1	8	0	28	16.00	68.7500	-33.2500	10.0	0.0	4.9	EASTERNGREENLAND	202301080028A

SWEM	A	2023	1	17	8	54	48.00	73.5000	-55.5000	10.0	0.0	4.9	WESTERNGREENLAND	202301170854A

SWEM	B	2023	1	23	18	8	8.00	75.7500	-61.7500	10.0	0.0	5.0	BAFFINBAY	202301231808A

SWEM	C	2023	1	27	11	53	28.00	74.5000	-55.5000	10.0	0.0	4.7	WESTERNGREENLAND	202301271153A

SWEM	C	2023	3	30	10	18	40.00	73.2500	-55.2500	10.0	0.0	4.8	WESTERNGREENLAND	202303301018A

SWEQ	B	2023	4	27	2	50	0.00	69.7500	-50.2500	10.0	0.0	4.7	WESTERNGREENLAND	202304270250A

SWEM	B	2023	5	2	5	31	44.00	69.5000	-50.5000	10.0	0.0	4.8	WESTERNGREENLAND	202305020531A

SWEM	A	2023	5	7	1	25	44.00	73.2500	-54.2500	10.0	0.0	4.8	WESTERNGREENLAND	202305070125A

SWEM	C	2023	5	24	4	3	28.00	69.7500	-49.2500	10.0	0.0	4.9	WESTERNGREENLAND	202305240403A

SWEM	A	2023	6	19	5	54	56.00	69.2500	-48.2500	10.0	0.0	5.0	WESTERNGREENLAND	202306190554A

SWEM	E	2023	6	23	19	43	36.00	76.0000	-62.0000	10.0	0.0	4.8	WESTERNGREENLAND	202306231943A

SWEQ	B	2023	7	3	9	37	44.00	72.5000	-51.5000	10.0	0.0	4.8	WESTERNGREENLAND	202307030937B

SWEM	B	2023	7	3	9	38	16.00	70.7500	-50.2500	10.0	0.0	4.8	WESTERNGREENLAND	202307030938A

SWEM	A	2023	7	5	2	15	52.00	69.2500	-50.2500	10.0	0.0	4.8	WESTERNGREENLAND	202307050215A

SWEM	A	2023	7	11	9	52	16.00	76.5000	-62.5000	10.0	0.0	4.8	WESTERNGREENLAND	202307110952B

SWEM	B	2023	7	19	18	24	16.00	69.7500	-48.2500	10.0	0.0	4.8	WESTERNGREENLAND	202307191824A

SWEM	C	2023	7	29	16	12	56.00	74.5000	-58.5000	10.0	0.0	4.6	BAFFINBAY	202307291612A

SWEM	C	2023	8	3	0	27	36.00	72.5000	-54.5000	10.0	0.0	4.9	WESTERNGREENLAND	202308030027A

SWEM	A	2023	8	15	14	17	52.00	70.7500	-53.7500	10.0	0.0	4.8	WESTERNGREENLAND	202308151417A

SWEM	A	2023	8	21	18	4	8.00	75.5000	-58.5000	10.0	0.0	4.7	WESTERNGREENLAND	202308211804A

SWEM	B	2023	8	24	14	36	48.00	68.5000	-49.5000	10.0	0.0	4.7	WESTERNGREENLAND	202308241436A

SWEM	C	2023	8	26	5	22	16.00	71.7500	-28.2500	10.0	0.0	4.6	EASTERNGREENLAND	202308260522B

SWEM	C	2023	8	26	5	32	8.00	71.7500	-27.7500	10.0	0.0	4.7	EASTERNGREENLAND	202308260532A

SWEM	B	2023	8	28	7	22	24.00	76.2500	-58.7500	10.0	0.0	4.7	WESTERNGREENLAND	202308280722A

SWEM	B	2023	8	31	12	58	8.00	63.2500	-43.2500	10.0	0.0	4.7	WESTERNGREENLAND	202308311258A

SWEM	B	2023	9	22	11	58	40.00	68.7500	-48.7500	10.0	0.0	4.8	WESTERNGREENLAND	202309221158A

SWEQ	C	2023	10	5	18	43	4.00	75.5000	-58.5000	10.0	0.0	4.7	WESTERNGREENLAND	202310051843B

SWEQ	C	2023	10	6	21	39	28.00	73.2500	-54.7500	10.0	0.0	4.9	WESTERNGREENLAND	202310062139A

SWEM	C	2023	11	11	5	20	24.00	73.0000	-55.0000	10.0	0.0	4.8	WESTERNGREENLAND	202311110520A

SWEM	B	2023	11	20	16	43	36.00	76.0000	-62.0000	10.0	0.0	5.0	WESTERNGREENLAND	202311201643A

SWEM	A	2023	11	20	16	48	40.00	76.2500	-61.2500	10.0	0.0	5.0	WESTERNGREENLAND	202311201648A

SWEM	C	2023	11	24	2	52	56.00	65.5000	-40.5000	10.0	0.0	4.7	WESTERNGREENLAND	202311240252A

SWEM	B	2023	12	24	7	47	20.00	69.2500	-48.2500	10.0	0.0	4.7	WESTERNGREENLAND	202312240747A
